Date,Year,Call Volume,Average Handling Time (min),Satisfaction Score,Call Type,Agent ID,Customer Segment
1/1/2021,2021,94,2.358414076,89.54368885,Outbound,Agent_005,VIP
1/2/2021,2021,97,3.972403321,81.0633704,Support,Agent_002,Retail
1/3/2021,2021,114,8.324921277,95.46732883,Inbound,Agent_003,Corporate
1/4/2021,2021,117,2.26345562,93.23635191,Outbound,Agent_005,Corporate
1/5/2021,2021,117,3.046262042,61.26421771,Sales,Agent_001,Corporate
1/6/2021,2021,59,1.61966768,82.73676171,Outbound,Agent_005,Corporate
1/7/2021,2021,133,7.351390396,84.36645057,Inbound,Agent_001,VIP
1/8/2021,2021,71,4.557099192,98.46300577,Sales,Agent_005,VIP
1/9/2021,2021,86,3.797559794,60.92946507,Support,Agent_001,Retail
1/10/2021,2021,137,7.467637513,81.24415084,Outbound,Agent_005,VIP
1/11/2021,2021,120,4.023797881,68.19125448,Outbound,Agent_001,Corporate
1/12/2021,2021,138,7.549941459,62.14651625,Outbound,Agent_001,Retail
1/13/2021,2021,138,8.336794558,83.49954099,Support,Agent_005,Corporate
1/14/2021,2021,62,2.958965591,90.90416575,Support,Agent_002,VIP
1/15/2021,2021,108,9.764368272,90.99461797,Outbound,Agent_005,Retail
1/16/2021,2021,115,2.461221531,61.21153641,Outbound,Agent_002,Retail
1/17/2021,2021,89,3.61756816,76.27785601,Support,Agent_001,VIP
1/18/2021,2021,137,2.618157618,61.78038509,Outbound,Agent_005,Retail
1/19/2021,2021,96,4.109550907,69.91354588,Outbound,Agent_001,Retail
1/20/2021,2021,138,5.32054799,67.71522811,Support,Agent_002,Retail
1/21/2021,2021,131,5.699582821,68.60730317,Inbound,Agent_005,VIP
1/22/2021,2021,87,8.682454381,73.56473656,Inbound,Agent_005,VIP
1/23/2021,2021,75,9.005031179,71.09672167,Outbound,Agent_005,Corporate
1/24/2021,2021,127,2.980934747,98.49119645,Support,Agent_004,Retail
1/25/2021,2021,122,6.60604629,74.0962848,Outbound,Agent_002,Retail
1/26/2021,2021,59,2.003464516,95.76690061,Sales,Agent_001,Retail
1/27/2021,2021,70,5.130728742,67.24166686,Outbound,Agent_001,Corporate
1/28/2021,2021,130,3.901001842,90.54987469,Outbound,Agent_005,Corporate
1/29/2021,2021,119,3.848506709,62.45382144,Inbound,Agent_003,Corporate
1/30/2021,2021,129,5.343258175,78.51044918,Sales,Agent_003,Corporate
1/31/2021,2021,97,7.56844872,60.22041761,Sales,Agent_004,Corporate
2/1/2021,2021,114,1.622643929,92.41163052,Inbound,Agent_001,Retail
2/2/2021,2021,132,8.912560039,98.01944144,Outbound,Agent_005,Corporate
2/3/2021,2021,149,7.613323972,61.40429483,Support,Agent_004,Retail
2/4/2021,2021,138,2.5884945,97.35385446,Inbound,Agent_005,Corporate
2/5/2021,2021,99,9.452448182,90.95415566,Support,Agent_001,Corporate
2/6/2021,2021,79,5.556810016,74.35446315,Support,Agent_003,VIP
2/7/2021,2021,69,9.998277203,96.35506205,Sales,Agent_002,VIP
2/8/2021,2021,69,2.775335269,71.85029085,Sales,Agent_002,Retail
2/9/2021,2021,64,5.814173785,76.37181249,Support,Agent_005,Retail
2/10/2021,2021,89,3.612232383,63.86845049,Outbound,Agent_004,VIP
2/11/2021,2021,82,3.737562017,86.27755848,Sales,Agent_002,Retail
2/12/2021,2021,115,6.319588428,61.18403315,Inbound,Agent_004,Retail
2/13/2021,2021,59,9.295471602,79.39621101,Support,Agent_001,Corporate
2/14/2021,2021,107,8.2473747,87.32767401,Outbound,Agent_005,VIP
2/15/2021,2021,82,7.515472587,92.84950404,Outbound,Agent_004,Corporate
2/16/2021,2021,81,6.032564039,65.99765558,Outbound,Agent_005,Corporate
2/17/2021,2021,124,9.300686533,90.16361465,Support,Agent_002,VIP
2/18/2021,2021,73,5.43125266,88.76308094,Support,Agent_003,VIP
2/19/2021,2021,85,8.864489605,82.38282136,Sales,Agent_001,Corporate
2/20/2021,2021,125,8.505834795,83.38578391,Outbound,Agent_002,Retail
2/21/2021,2021,105,2.924518121,63.65082883,Sales,Agent_005,Retail
2/22/2021,2021,78,7.941029167,84.01884173,Inbound,Agent_004,VIP
2/23/2021,2021,84,1.109540412,75.26088828,Outbound,Agent_005,Corporate
2/24/2021,2021,50,3.905465838,94.70323405,Sales,Agent_004,VIP
2/25/2021,2021,50,3.066107002,72.52395527,Support,Agent_005,VIP
2/26/2021,2021,86,5.561766626,83.06380309,Sales,Agent_001,Retail
2/27/2021,2021,103,7.631678455,77.06285599,Sales,Agent_003,Corporate
2/28/2021,2021,55,1.879087307,95.05047753,Sales,Agent_004,Corporate
3/1/2021,2021,88,5.634299817,70.15666668,Inbound,Agent_002,Corporate
3/2/2021,2021,67,9.445708195,63.15209441,Inbound,Agent_003,Retail
3/3/2021,2021,129,3.057818959,89.94622884,Inbound,Agent_001,Corporate
3/4/2021,2021,54,7.094270297,76.51586468,Outbound,Agent_004,VIP
3/5/2021,2021,92,6.335922437,83.56393437,Inbound,Agent_005,Retail
3/6/2021,2021,108,1.090573261,61.05557327,Inbound,Agent_005,VIP
3/7/2021,2021,81,5.282435763,98.08439166,Support,Agent_003,VIP
3/8/2021,2021,51,7.378933518,95.1047351,Outbound,Agent_005,Corporate
3/9/2021,2021,115,1.395778888,84.95471602,Inbound,Agent_003,Retail
3/10/2021,2021,91,8.915693347,60.68119368,Sales,Agent_003,VIP
3/11/2021,2021,107,5.68073275,75.11905896,Sales,Agent_002,Corporate
3/12/2021,2021,85,1.275949435,99.15186151,Inbound,Agent_002,VIP
3/13/2021,2021,61,3.019722507,87.25321435,Support,Agent_002,VIP
3/14/2021,2021,96,9.583081268,66.43951445,Support,Agent_005,Corporate
3/15/2021,2021,132,6.240877597,78.42386995,Sales,Agent_004,VIP
3/16/2021,2021,141,1.96725311,98.66950975,Inbound,Agent_004,Retail
3/17/2021,2021,50,3.587900521,81.38832698,Inbound,Agent_002,Corporate
3/18/2021,2021,64,5.110332633,60.98458112,Inbound,Agent_002,Retail
3/19/2021,2021,149,1.188550623,84.79088337,Inbound,Agent_004,Retail
3/20/2021,2021,103,4.704539623,70.84866124,Sales,Agent_002,Retail
3/21/2021,2021,62,5.405127719,63.95383808,Outbound,Agent_003,VIP
3/22/2021,2021,92,3.193100878,76.11633779,Sales,Agent_001,Corporate
3/23/2021,2021,134,6.297751003,82.3409239,Sales,Agent_003,VIP
3/24/2021,2021,125,7.779161076,60.68162872,Inbound,Agent_004,Retail
3/25/2021,2021,118,3.122508017,82.36187235,Outbound,Agent_002,Corporate
3/26/2021,2021,56,6.584499103,80.44812587,Sales,Agent_001,VIP
3/27/2021,2021,118,6.756600187,91.75633532,Sales,Agent_002,VIP
3/28/2021,2021,97,9.53686271,76.94199267,Outbound,Agent_003,VIP
3/29/2021,2021,53,8.004485506,82.13801719,Inbound,Agent_002,VIP
3/30/2021,2021,126,8.635107428,89.68037216,Inbound,Agent_003,Corporate
3/31/2021,2021,102,5.413779176,95.88583487,Support,Agent_001,Corporate
4/1/2021,2021,128,2.668137283,75.20138304,Outbound,Agent_005,Corporate
4/2/2021,2021,65,9.962337637,84.06533983,Sales,Agent_005,Corporate
4/3/2021,2021,70,2.164201849,87.78443614,Outbound,Agent_001,VIP
4/4/2021,2021,149,5.243115874,61.73082706,Inbound,Agent_002,Retail
4/5/2021,2021,108,1.612837893,92.03042034,Inbound,Agent_005,VIP
4/6/2021,2021,73,9.494657716,75.09720741,Sales,Agent_003,VIP
4/7/2021,2021,129,9.684324468,86.80955766,Sales,Agent_005,Corporate
4/8/2021,2021,63,7.474501558,78.86656265,Inbound,Agent_003,VIP
4/9/2021,2021,135,4.149935593,88.09356571,Inbound,Agent_001,VIP
4/10/2021,2021,98,3.28944161,88.97323917,Support,Agent_005,VIP
4/11/2021,2021,99,3.387729921,67.66284054,Inbound,Agent_001,Corporate
4/12/2021,2021,119,2.145646229,86.48696937,Support,Agent_004,Corporate
4/13/2021,2021,91,5.732280578,94.05293752,Inbound,Agent_001,VIP
4/14/2021,2021,85,2.276355481,69.42268802,Sales,Agent_005,Retail
4/15/2021,2021,114,3.850575999,90.3273388,Inbound,Agent_003,Corporate
4/16/2021,2021,145,6.640358284,85.35300453,Outbound,Agent_001,Corporate
4/17/2021,2021,119,7.547892486,98.20504138,Inbound,Agent_005,Retail
4/18/2021,2021,144,1.218454342,70.40986309,Sales,Agent_002,Retail
4/19/2021,2021,50,4.871043859,66.17111111,Outbound,Agent_003,VIP
4/20/2021,2021,100,6.869121354,72.48484061,Sales,Agent_002,VIP
4/21/2021,2021,86,8.679213785,70.31835113,Outbound,Agent_002,Corporate
4/22/2021,2021,84,5.27792304,90.27331042,Inbound,Agent_004,Retail
4/23/2021,2021,98,9.722852845,89.32437215,Sales,Agent_001,VIP
4/24/2021,2021,143,3.390692928,86.78739603,Sales,Agent_002,Retail
4/25/2021,2021,53,1.12157836,68.65516458,Support,Agent_003,Retail
4/26/2021,2021,148,5.353775782,94.4722723,Outbound,Agent_002,Corporate
4/27/2021,2021,92,3.305024155,98.26286223,Inbound,Agent_004,VIP
4/28/2021,2021,127,8.413459048,81.26423272,Sales,Agent_005,Corporate
4/29/2021,2021,71,3.09495405,85.97490923,Support,Agent_003,Retail
4/30/2021,2021,123,3.795662965,80.02768396,Sales,Agent_003,Corporate
5/1/2021,2021,50,8.121046879,71.3423086,Sales,Agent_005,Corporate
5/2/2021,2021,60,7.436289268,71.44590416,Outbound,Agent_004,Retail
5/3/2021,2021,93,6.02246113,72.53682091,Outbound,Agent_004,VIP
5/4/2021,2021,108,7.344532557,67.63400017,Outbound,Agent_001,Retail
5/5/2021,2021,73,4.767731772,96.07694531,Outbound,Agent_003,Corporate
5/6/2021,2021,109,1.047790429,94.33592536,Support,Agent_001,Corporate
5/7/2021,2021,52,1.102196157,78.46557445,Support,Agent_002,VIP
5/8/2021,2021,148,5.600996088,74.6900565,Inbound,Agent_001,Retail
5/9/2021,2021,112,1.749618817,97.56313426,Outbound,Agent_001,Corporate
5/10/2021,2021,85,1.459679322,68.89493877,Outbound,Agent_005,Retail
5/11/2021,2021,144,9.689649752,82.14167838,Outbound,Agent_001,VIP
5/12/2021,2021,117,8.731023757,62.17992622,Outbound,Agent_002,Retail
5/13/2021,2021,132,2.368245045,67.64808788,Outbound,Agent_001,Retail
5/14/2021,2021,96,1.005977967,84.16107733,Outbound,Agent_004,Corporate
5/15/2021,2021,149,9.475010159,86.48734611,Support,Agent_001,Retail
5/16/2021,2021,70,3.504927685,83.23983275,Outbound,Agent_005,VIP
5/17/2021,2021,131,2.673078426,94.78405664,Sales,Agent_005,Corporate
5/18/2021,2021,100,7.22357297,99.73620883,Sales,Agent_005,VIP
5/19/2021,2021,77,1.98013365,90.55447369,Support,Agent_001,Retail
5/20/2021,2021,64,3.381846382,78.60367137,Sales,Agent_002,Retail
5/21/2021,2021,91,9.775852122,93.35738678,Inbound,Agent_003,Corporate
5/22/2021,2021,108,6.75516497,64.81549577,Support,Agent_005,Retail
5/23/2021,2021,115,5.686100123,87.33082786,Inbound,Agent_001,Retail
5/24/2021,2021,86,4.581267534,80.7335115,Sales,Agent_003,VIP
5/25/2021,2021,60,7.970508594,67.12263545,Inbound,Agent_004,Retail
5/26/2021,2021,136,2.268617289,98.91734469,Sales,Agent_004,Corporate
5/27/2021,2021,93,9.706040218,73.53749679,Support,Agent_005,Corporate
5/28/2021,2021,61,8.750107073,84.61693624,Support,Agent_005,VIP
5/29/2021,2021,52,6.558912843,95.1437695,Outbound,Agent_004,VIP
5/30/2021,2021,101,1.386155714,80.26755376,Sales,Agent_005,Retail
5/31/2021,2021,130,7.307700845,64.60551401,Outbound,Agent_004,Retail
6/1/2021,2021,82,9.219559068,92.74956337,Inbound,Agent_001,VIP
6/2/2021,2021,104,5.721193607,74.12855068,Sales,Agent_003,Corporate
6/3/2021,2021,50,4.188023396,99.32267476,Sales,Agent_001,VIP
6/4/2021,2021,88,2.082496105,95.35301786,Inbound,Agent_004,Corporate
6/5/2021,2021,69,7.794109937,94.13797333,Sales,Agent_001,Corporate
6/6/2021,2021,96,8.965196661,74.2501271,Support,Agent_004,VIP
6/7/2021,2021,92,1.902265697,90.28519111,Inbound,Agent_001,Corporate
6/8/2021,2021,106,7.830860993,99.45316252,Outbound,Agent_003,Corporate
6/9/2021,2021,110,1.153544376,81.05286448,Support,Agent_004,Retail
6/10/2021,2021,127,9.703494263,78.8292862,Sales,Agent_005,Retail
6/11/2021,2021,80,6.535522186,60.58663284,Outbound,Agent_005,Corporate
6/12/2021,2021,74,5.971951531,88.00815075,Support,Agent_005,Retail
6/13/2021,2021,52,3.663548502,94.33910274,Sales,Agent_004,VIP
6/14/2021,2021,53,9.363625044,69.89828744,Sales,Agent_005,Retail
6/15/2021,2021,144,3.393150646,72.60098308,Sales,Agent_002,Corporate
6/16/2021,2021,148,8.453319519,80.02708085,Inbound,Agent_003,Retail
6/17/2021,2021,63,9.865978114,62.88320629,Inbound,Agent_002,VIP
6/18/2021,2021,90,8.05056981,63.58569904,Sales,Agent_004,Corporate
6/19/2021,2021,122,5.670909283,76.84443036,Sales,Agent_004,Retail
6/20/2021,2021,69,1.594668375,70.44875811,Outbound,Agent_003,Corporate
6/21/2021,2021,145,5.251724103,76.2414921,Sales,Agent_001,Retail
6/22/2021,2021,122,4.944303523,78.17545192,Inbound,Agent_003,Corporate
6/23/2021,2021,76,2.825164371,99.05093587,Sales,Agent_002,Retail
6/24/2021,2021,116,4.81228873,97.7703928,Sales,Agent_002,VIP
6/25/2021,2021,102,4.219820957,65.58920606,Support,Agent_002,VIP
6/26/2021,2021,117,2.47315835,95.30343895,Outbound,Agent_002,VIP
6/27/2021,2021,111,4.97236729,63.20826649,Sales,Agent_001,VIP
6/28/2021,2021,64,3.365199607,80.30541879,Outbound,Agent_004,VIP
6/29/2021,2021,146,5.698561786,66.556396,Inbound,Agent_004,Retail
6/30/2021,2021,54,1.316440537,74.63568581,Inbound,Agent_003,Retail
7/1/2021,2021,117,9.156082778,89.73360903,Support,Agent_004,Retail
7/2/2021,2021,61,8.34727875,76.98021917,Sales,Agent_004,Retail
7/3/2021,2021,136,5.973231993,92.2780515,Inbound,Agent_004,VIP
7/4/2021,2021,127,8.666277245,88.75262844,Sales,Agent_001,VIP
7/5/2021,2021,125,9.661555664,97.71357785,Outbound,Agent_001,Corporate
7/6/2021,2021,106,1.994700646,81.36624082,Support,Agent_004,Corporate
7/7/2021,2021,66,6.677486276,92.08591816,Sales,Agent_002,Corporate
7/8/2021,2021,74,9.981946008,72.91628425,Outbound,Agent_004,VIP
7/9/2021,2021,79,9.891002524,73.8298338,Outbound,Agent_003,Retail
7/10/2021,2021,71,6.429906931,76.02041854,Outbound,Agent_005,Retail
7/11/2021,2021,75,2.152187834,76.43662937,Sales,Agent_003,Corporate
7/12/2021,2021,130,6.248735479,64.13012883,Inbound,Agent_005,VIP
7/13/2021,2021,110,1.01858172,80.76395757,Sales,Agent_001,VIP
7/14/2021,2021,111,2.790202012,63.87212877,Sales,Agent_001,Corporate
7/15/2021,2021,133,9.605108436,95.59048543,Sales,Agent_004,Corporate
7/16/2021,2021,83,3.973965153,62.47379133,Support,Agent_005,Corporate
7/17/2021,2021,82,6.745510952,77.98777721,Support,Agent_001,Retail
7/18/2021,2021,120,3.527735452,71.38776266,Inbound,Agent_001,Corporate
7/19/2021,2021,135,9.530396984,66.19477663,Inbound,Agent_004,Retail
7/20/2021,2021,81,7.55702857,91.35346763,Inbound,Agent_001,VIP
7/21/2021,2021,63,3.966860418,88.59729596,Inbound,Agent_005,Retail
7/22/2021,2021,121,8.125852791,65.83791561,Outbound,Agent_003,Corporate
7/23/2021,2021,106,1.97348972,85.31062564,Outbound,Agent_001,Retail
7/24/2021,2021,74,4.530870461,91.70220669,Inbound,Agent_002,VIP
7/25/2021,2021,129,2.99096315,90.93328881,Outbound,Agent_001,Corporate
7/26/2021,2021,91,7.153538025,63.69118391,Sales,Agent_003,Corporate
7/27/2021,2021,68,1.922016536,87.42050876,Outbound,Agent_004,VIP
7/28/2021,2021,90,4.573232491,88.64095684,Sales,Agent_004,Corporate
7/29/2021,2021,104,3.489847572,94.48665068,Inbound,Agent_003,Retail
7/30/2021,2021,129,5.557086274,80.32177355,Outbound,Agent_004,Retail
7/31/2021,2021,61,4.149079125,78.44376001,Inbound,Agent_001,VIP
8/1/2021,2021,88,7.357695199,98.604653,Support,Agent_005,Corporate
8/2/2021,2021,143,1.221193219,91.86049023,Sales,Agent_001,Retail
8/3/2021,2021,51,6.705882292,82.34923963,Support,Agent_005,Corporate
8/4/2021,2021,145,3.075141607,73.22468285,Sales,Agent_002,VIP
8/5/2021,2021,94,3.418381259,93.80951984,Inbound,Agent_003,Corporate
8/6/2021,2021,138,8.202300432,78.21745558,Outbound,Agent_003,Corporate
8/7/2021,2021,74,9.600115546,63.70740769,Sales,Agent_001,VIP
8/8/2021,2021,117,3.84895189,78.19617091,Inbound,Agent_004,Retail
8/9/2021,2021,132,8.441247433,94.87873585,Sales,Agent_003,Retail
8/10/2021,2021,53,1.935917542,77.93128588,Support,Agent_005,Corporate
8/11/2021,2021,126,6.705834877,60.57396591,Sales,Agent_004,Retail
8/12/2021,2021,85,7.759290696,84.45941296,Support,Agent_005,Retail
8/13/2021,2021,136,2.403801352,99.83320014,Inbound,Agent_003,VIP
8/14/2021,2021,111,4.834021489,92.68994336,Inbound,Agent_005,VIP
8/15/2021,2021,119,9.034364478,84.68951786,Inbound,Agent_002,VIP
8/16/2021,2021,137,1.932206171,96.57595547,Outbound,Agent_005,Corporate
8/17/2021,2021,93,1.162867224,92.54326727,Inbound,Agent_001,VIP
8/18/2021,2021,82,6.315268411,79.94557411,Inbound,Agent_002,Retail
8/19/2021,2021,61,4.919783865,83.64881142,Sales,Agent_001,VIP
8/20/2021,2021,134,8.18820324,89.25171237,Outbound,Agent_005,Retail
8/21/2021,2021,60,9.311099844,93.85704656,Sales,Agent_004,VIP
8/22/2021,2021,104,3.692382801,62.3270561,Outbound,Agent_001,Corporate
8/23/2021,2021,87,4.495637055,90.99215429,Sales,Agent_004,Retail
8/24/2021,2021,78,5.376448777,77.9001376,Support,Agent_002,Corporate
8/25/2021,2021,52,6.293363144,86.43194241,Support,Agent_005,Retail
8/26/2021,2021,77,9.854684467,90.58532044,Inbound,Agent_004,VIP
8/27/2021,2021,133,7.275972257,81.580077,Support,Agent_001,Corporate
8/28/2021,2021,139,4.505936566,66.34059402,Support,Agent_003,Retail
8/29/2021,2021,73,3.373909178,76.38107326,Outbound,Agent_002,Corporate
8/30/2021,2021,103,9.501631466,63.07491975,Sales,Agent_002,Retail
8/31/2021,2021,101,2.219935898,87.57202765,Outbound,Agent_004,Retail
9/1/2021,2021,96,7.482392673,98.14824728,Outbound,Agent_002,Corporate
9/2/2021,2021,70,9.328555228,91.81011249,Support,Agent_005,Retail
9/3/2021,2021,103,6.981990279,75.59145691,Outbound,Agent_002,Corporate
9/4/2021,2021,79,4.807489961,83.37165984,Sales,Agent_005,Corporate
9/5/2021,2021,117,2.790918459,72.16802703,Support,Agent_002,Corporate
9/6/2021,2021,85,4.3072779,81.64182398,Outbound,Agent_005,Corporate
9/7/2021,2021,89,7.361846285,72.02907623,Support,Agent_001,VIP
9/8/2021,2021,59,6.845808018,89.53299027,Outbound,Agent_001,Corporate
9/9/2021,2021,123,9.351785499,70.37366032,Support,Agent_002,Corporate
9/10/2021,2021,91,8.801748223,98.56081562,Support,Agent_002,Retail
9/11/2021,2021,73,8.34535677,86.47794929,Sales,Agent_002,Corporate
9/12/2021,2021,53,9.203057878,62.75111391,Sales,Agent_005,Retail
9/13/2021,2021,96,3.487034375,60.43111054,Outbound,Agent_003,Corporate
9/14/2021,2021,140,4.325711861,99.88185377,Outbound,Agent_002,VIP
9/15/2021,2021,100,4.419045134,68.82022313,Outbound,Agent_002,Retail
9/16/2021,2021,53,6.044055298,72.50250994,Inbound,Agent_004,Retail
9/17/2021,2021,81,7.013964066,68.33656057,Inbound,Agent_002,VIP
9/18/2021,2021,59,3.580450147,97.1240709,Sales,Agent_003,Corporate
9/19/2021,2021,60,1.175162206,86.08051439,Sales,Agent_001,VIP
9/20/2021,2021,77,4.593001453,80.17545294,Outbound,Agent_004,VIP
9/21/2021,2021,95,3.776751636,82.30603258,Outbound,Agent_004,VIP
9/22/2021,2021,121,9.479662471,72.71491389,Inbound,Agent_004,Retail
9/23/2021,2021,89,8.994385365,84.56700009,Sales,Agent_001,VIP
9/24/2021,2021,111,8.742796105,76.78401454,Outbound,Agent_005,Retail
9/25/2021,2021,135,6.876997849,67.96912586,Outbound,Agent_005,Corporate
9/26/2021,2021,147,4.098602482,86.26420399,Sales,Agent_001,Corporate
9/27/2021,2021,94,5.939643407,74.95362277,Sales,Agent_004,Corporate
9/28/2021,2021,84,8.337025366,91.40265516,Inbound,Agent_003,Retail
9/29/2021,2021,84,1.887493319,76.6157983,Support,Agent_001,VIP
9/30/2021,2021,138,8.209673922,80.330855,Inbound,Agent_004,Retail
10/1/2021,2021,83,1.370618122,91.49865917,Sales,Agent_004,Corporate
10/2/2021,2021,55,8.347789281,77.91512372,Sales,Agent_002,VIP
10/3/2021,2021,86,8.268074237,98.6488454,Outbound,Agent_001,Retail
10/4/2021,2021,50,1.459065779,91.72114669,Outbound,Agent_005,VIP
10/5/2021,2021,125,6.644446403,93.05721621,Sales,Agent_004,VIP
10/6/2021,2021,84,5.522077669,98.15681867,Support,Agent_005,VIP
10/7/2021,2021,119,2.528375529,75.55402515,Outbound,Agent_005,Retail
10/8/2021,2021,103,2.335410439,83.20321057,Outbound,Agent_002,VIP
10/9/2021,2021,130,7.959332135,87.74366963,Inbound,Agent_002,Corporate
10/10/2021,2021,112,6.10923474,86.93833934,Inbound,Agent_001,Retail
10/11/2021,2021,58,9.846992214,98.11747178,Outbound,Agent_001,Retail
10/12/2021,2021,111,9.840229996,71.53394536,Outbound,Agent_004,Corporate
10/13/2021,2021,51,9.934002941,71.65446115,Outbound,Agent_003,Corporate
10/14/2021,2021,131,2.067539665,96.72017608,Outbound,Agent_004,Retail
10/15/2021,2021,85,9.444305233,91.97222567,Sales,Agent_005,VIP
10/16/2021,2021,141,3.201126481,68.13426496,Support,Agent_001,Corporate
10/17/2021,2021,90,5.123910338,82.80187512,Inbound,Agent_001,Corporate
10/18/2021,2021,86,7.816659002,89.83054936,Inbound,Agent_001,Corporate
10/19/2021,2021,98,2.832588389,74.12145562,Outbound,Agent_001,VIP
10/20/2021,2021,75,6.09680445,77.37529005,Outbound,Agent_003,VIP
10/21/2021,2021,117,2.672350734,83.01586447,Sales,Agent_004,Retail
10/22/2021,2021,85,1.94262496,78.6843423,Outbound,Agent_001,VIP
10/23/2021,2021,80,2.049027512,90.1216956,Inbound,Agent_003,Retail
10/24/2021,2021,79,4.218751314,60.23755015,Outbound,Agent_002,Retail
10/25/2021,2021,83,1.041893532,77.38530098,Sales,Agent_003,Corporate
10/26/2021,2021,68,4.823685291,73.50325501,Outbound,Agent_001,Retail
10/27/2021,2021,67,6.977773946,84.36656211,Support,Agent_001,Retail
10/28/2021,2021,143,4.615193665,91.03833768,Sales,Agent_003,Corporate
10/29/2021,2021,134,1.772151405,63.04580649,Inbound,Agent_001,Retail
10/30/2021,2021,52,1.564199758,66.32238934,Support,Agent_001,Retail
10/31/2021,2021,119,3.503048615,86.60326497,Sales,Agent_003,VIP
11/1/2021,2021,62,2.523814215,89.53609764,Outbound,Agent_004,Retail
11/2/2021,2021,94,9.685854759,83.52807108,Support,Agent_005,VIP
11/3/2021,2021,116,2.361072025,99.31213396,Support,Agent_004,Retail
11/4/2021,2021,141,8.249161937,79.97845956,Inbound,Agent_003,Corporate
11/5/2021,2021,135,6.274971476,65.4516934,Support,Agent_001,Retail
11/6/2021,2021,89,6.12358228,87.45164241,Outbound,Agent_004,Corporate
11/7/2021,2021,89,5.608726443,84.08302089,Sales,Agent_003,VIP
11/8/2021,2021,125,9.745867685,83.616859,Outbound,Agent_003,VIP
11/9/2021,2021,72,4.274602976,81.83414541,Sales,Agent_002,VIP
11/10/2021,2021,80,8.091241759,97.56382838,Outbound,Agent_001,Corporate
11/11/2021,2021,67,5.997646967,65.16625587,Outbound,Agent_002,Corporate
11/12/2021,2021,120,4.560703009,62.92789194,Inbound,Agent_005,Corporate
11/13/2021,2021,121,9.5991934,66.16468678,Outbound,Agent_003,Retail
11/14/2021,2021,68,6.384843724,69.7996084,Inbound,Agent_003,Retail
11/15/2021,2021,142,2.070252479,83.71785278,Sales,Agent_001,VIP
11/16/2021,2021,93,4.757852809,84.49700996,Sales,Agent_002,VIP
11/17/2021,2021,133,8.034235549,69.3040751,Inbound,Agent_002,Retail
11/18/2021,2021,99,7.243723209,79.56901997,Inbound,Agent_001,Retail
11/19/2021,2021,91,9.247062969,79.28247411,Outbound,Agent_002,Retail
11/20/2021,2021,143,3.334396457,78.12443065,Sales,Agent_001,VIP
11/21/2021,2021,96,7.823743447,92.1418118,Inbound,Agent_002,Retail
11/22/2021,2021,71,5.138876867,78.8677228,Sales,Agent_001,Retail
11/23/2021,2021,123,6.162487723,90.33461984,Support,Agent_005,VIP
11/24/2021,2021,139,9.595420129,66.65924527,Support,Agent_001,Retail
11/25/2021,2021,146,9.81357688,81.27869376,Sales,Agent_001,Retail
11/26/2021,2021,141,8.754318675,92.96419104,Outbound,Agent_002,Corporate
11/27/2021,2021,123,4.23187379,67.10866336,Support,Agent_002,Retail
11/28/2021,2021,78,8.989307522,78.59688675,Support,Agent_001,Retail
11/29/2021,2021,131,6.747482599,84.36317264,Support,Agent_001,VIP
11/30/2021,2021,108,4.869971024,67.39098299,Support,Agent_002,Retail
12/1/2021,2021,50,1.321684143,90.27062424,Inbound,Agent_003,VIP
12/2/2021,2021,136,7.931153118,63.15984991,Support,Agent_004,Corporate
12/3/2021,2021,113,5.518950227,97.85662036,Sales,Agent_005,Corporate
12/4/2021,2021,66,8.075696495,78.72885977,Outbound,Agent_001,Retail
12/5/2021,2021,86,7.732205194,73.44492345,Outbound,Agent_002,VIP
12/6/2021,2021,144,8.142106312,64.67228029,Support,Agent_004,Corporate
12/7/2021,2021,74,3.705860428,77.30386572,Support,Agent_001,VIP
12/8/2021,2021,113,8.207187392,86.39216118,Support,Agent_002,Corporate
12/9/2021,2021,117,5.939616956,63.77949117,Sales,Agent_002,VIP
12/10/2021,2021,101,5.259935804,72.25076381,Support,Agent_003,VIP
12/11/2021,2021,58,7.076133224,93.44070331,Support,Agent_001,VIP
12/12/2021,2021,106,1.192228146,85.84724102,Inbound,Agent_004,Corporate
12/13/2021,2021,141,1.920851343,68.25492047,Outbound,Agent_005,VIP
12/14/2021,2021,143,3.629596287,66.43639183,Outbound,Agent_003,Corporate
12/15/2021,2021,137,9.84691099,96.17940105,Inbound,Agent_005,Corporate
12/16/2021,2021,82,2.25771201,71.48080885,Sales,Agent_001,VIP
12/17/2021,2021,69,3.975366707,67.18000676,Sales,Agent_004,Corporate
12/18/2021,2021,122,1.459477582,99.99856074,Inbound,Agent_004,VIP
12/19/2021,2021,121,3.981419923,72.36767311,Sales,Agent_004,Corporate
12/20/2021,2021,137,3.882936579,64.98960751,Inbound,Agent_002,Corporate
12/21/2021,2021,63,9.521264539,78.47030519,Outbound,Agent_004,VIP
12/22/2021,2021,108,8.606386783,77.37380441,Sales,Agent_002,VIP
12/23/2021,2021,131,4.444877973,97.07209903,Sales,Agent_004,VIP
12/24/2021,2021,105,1.222921522,65.3681979,Outbound,Agent_005,Retail
12/25/2021,2021,114,8.479280026,63.64545625,Support,Agent_005,Corporate
12/26/2021,2021,125,6.944825594,63.71914684,Sales,Agent_004,VIP
12/27/2021,2021,142,2.371280353,96.17149863,Inbound,Agent_004,Retail
12/28/2021,2021,86,9.964641439,77.97476712,Outbound,Agent_002,VIP
12/29/2021,2021,75,1.902100937,66.02426113,Outbound,Agent_002,VIP
12/30/2021,2021,82,8.804030874,83.75320394,Support,Agent_002,Retail
12/31/2021,2021,92,3.648395477,81.50493423,Sales,Agent_001,Retail
1/1/2022,2022,64,4.918181197,67.93626991,Support,Agent_002,Retail
1/2/2022,2022,136,8.159108741,84.12152558,Outbound,Agent_002,Corporate
1/3/2022,2022,78,7.097575204,73.60924937,Inbound,Agent_001,Corporate
1/4/2022,2022,70,9.44077937,69.53483071,Sales,Agent_004,VIP
1/5/2022,2022,132,6.590262929,80.41602444,Sales,Agent_003,Retail
1/6/2022,2022,118,1.880291453,71.66597046,Support,Agent_001,VIP
1/7/2022,2022,72,8.959243269,68.88559687,Outbound,Agent_002,VIP
1/8/2022,2022,149,7.922399725,95.18889633,Support,Agent_001,VIP
1/9/2022,2022,133,7.406834058,66.23050306,Inbound,Agent_005,Retail
1/10/2022,2022,57,1.483601926,71.22359909,Outbound,Agent_005,Retail
1/11/2022,2022,122,4.566004702,75.44553519,Sales,Agent_004,Retail
1/12/2022,2022,111,2.506922375,70.94553241,Inbound,Agent_002,Corporate
1/13/2022,2022,63,8.397135176,68.4284257,Support,Agent_005,Corporate
1/14/2022,2022,55,7.304757605,90.84584388,Inbound,Agent_001,Retail
1/15/2022,2022,50,8.947698376,73.16064635,Inbound,Agent_002,Retail
1/16/2022,2022,58,9.699175962,64.50051831,Support,Agent_004,Retail
1/17/2022,2022,129,7.972728528,81.6358065,Inbound,Agent_002,Corporate
1/18/2022,2022,129,9.948097749,65.01953989,Outbound,Agent_002,Corporate
1/19/2022,2022,103,6.532928975,74.3007843,Sales,Agent_001,VIP
1/20/2022,2022,61,1.334166435,95.27307049,Support,Agent_002,Retail
1/21/2022,2022,54,1.128263636,74.7664478,Inbound,Agent_001,Retail
1/22/2022,2022,89,4.078934877,85.30035897,Inbound,Agent_001,Corporate
1/23/2022,2022,142,8.411245472,80.58502144,Support,Agent_002,Corporate
1/24/2022,2022,95,8.795212357,65.50899383,Inbound,Agent_004,VIP
1/25/2022,2022,76,9.647312759,85.96278391,Outbound,Agent_004,Retail
1/26/2022,2022,124,1.586093217,94.24139988,Sales,Agent_003,Corporate
1/27/2022,2022,102,1.401139999,63.72849896,Support,Agent_005,Retail
1/28/2022,2022,99,9.219552367,90.14720357,Sales,Agent_002,Corporate
1/29/2022,2022,141,3.745420285,87.60845126,Outbound,Agent_002,VIP
1/30/2022,2022,101,6.021886605,94.666423,Outbound,Agent_001,Retail
1/31/2022,2022,149,9.842003947,64.16367729,Sales,Agent_004,VIP
2/1/2022,2022,68,4.604036813,72.22781518,Outbound,Agent_002,Corporate
2/2/2022,2022,84,6.992842585,87.77165949,Support,Agent_004,Retail
2/3/2022,2022,101,4.607916073,60.88071916,Support,Agent_003,Corporate
2/4/2022,2022,80,7.91375198,89.36302711,Outbound,Agent_002,Corporate
2/5/2022,2022,103,5.74943253,94.31914316,Support,Agent_001,Corporate
2/6/2022,2022,108,3.137708242,78.1321621,Outbound,Agent_004,VIP
2/7/2022,2022,93,3.441754911,77.37319614,Outbound,Agent_005,Retail
2/8/2022,2022,105,3.322532913,71.13875848,Inbound,Agent_004,Corporate
2/9/2022,2022,68,5.790882954,60.2020748,Sales,Agent_004,Corporate
2/10/2022,2022,95,7.328701144,67.45214067,Sales,Agent_005,VIP
2/11/2022,2022,137,9.5435191,99.19456474,Outbound,Agent_004,Retail
2/12/2022,2022,115,7.246786376,94.69144308,Support,Agent_003,Corporate
2/13/2022,2022,120,8.030735596,70.66018555,Outbound,Agent_002,Corporate
2/14/2022,2022,103,2.520335043,98.54995428,Outbound,Agent_002,Retail
2/15/2022,2022,98,4.366563625,74.70850464,Inbound,Agent_002,Retail
2/16/2022,2022,144,4.724021979,71.90341499,Sales,Agent_004,VIP
2/17/2022,2022,109,7.17742207,66.11230542,Outbound,Agent_005,Corporate
2/18/2022,2022,130,3.663027787,96.06444278,Outbound,Agent_004,VIP
2/19/2022,2022,76,3.729627293,99.47969964,Inbound,Agent_002,VIP
2/20/2022,2022,85,4.203002392,73.09645616,Inbound,Agent_005,Retail
2/21/2022,2022,108,8.292718734,88.13721693,Sales,Agent_002,VIP
2/22/2022,2022,99,6.19831081,73.41213639,Support,Agent_002,Corporate
2/23/2022,2022,123,1.677495518,64.19962957,Sales,Agent_003,Corporate
2/24/2022,2022,94,1.704214897,75.70769228,Outbound,Agent_003,Corporate
2/25/2022,2022,63,4.341582499,82.06279843,Outbound,Agent_004,Retail
2/26/2022,2022,120,7.899319455,64.92067037,Inbound,Agent_003,Retail
2/27/2022,2022,88,7.198150838,92.73091099,Support,Agent_005,Corporate
2/28/2022,2022,89,7.371841192,79.89452468,Outbound,Agent_001,Corporate
3/1/2022,2022,58,7.904890594,69.3753181,Sales,Agent_005,Retail
3/2/2022,2022,63,3.584374416,83.71038314,Sales,Agent_002,Corporate
3/3/2022,2022,57,5.934306537,91.73037224,Outbound,Agent_002,Corporate
3/4/2022,2022,130,5.890173763,73.10497396,Inbound,Agent_003,VIP
3/5/2022,2022,72,7.656692511,88.05905298,Inbound,Agent_002,Retail
3/6/2022,2022,129,9.611835122,77.1143672,Inbound,Agent_001,Retail
3/7/2022,2022,139,3.501909503,98.56204675,Outbound,Agent_004,Corporate
3/8/2022,2022,58,8.139535055,90.83760346,Outbound,Agent_004,VIP
3/9/2022,2022,149,6.939734937,74.2540361,Support,Agent_005,Retail
3/10/2022,2022,56,6.222140838,60.70991836,Inbound,Agent_004,Retail
3/11/2022,2022,131,7.973918014,86.30079582,Inbound,Agent_003,Retail
3/12/2022,2022,121,9.496292198,67.91488634,Sales,Agent_003,VIP
3/13/2022,2022,134,1.330222761,64.87516703,Inbound,Agent_002,VIP
3/14/2022,2022,139,2.326600923,97.27105806,Outbound,Agent_003,VIP
3/15/2022,2022,116,7.806585084,99.99795881,Support,Agent_003,Retail
3/16/2022,2022,110,1.754122176,70.79555282,Support,Agent_004,Retail
3/17/2022,2022,66,5.645113307,72.07074209,Inbound,Agent_001,VIP
3/18/2022,2022,106,2.97874699,66.59955757,Outbound,Agent_002,VIP
3/19/2022,2022,73,3.468661335,78.30739104,Inbound,Agent_005,VIP
3/20/2022,2022,74,7.316564346,94.63375039,Inbound,Agent_004,Corporate
3/21/2022,2022,54,1.271734959,88.06023808,Support,Agent_002,VIP
3/22/2022,2022,99,8.859874851,93.85326232,Support,Agent_004,Retail
3/23/2022,2022,137,5.000310598,69.13926623,Outbound,Agent_003,VIP
3/24/2022,2022,80,5.521539645,89.2182427,Sales,Agent_005,VIP
3/25/2022,2022,104,5.860431673,96.74106514,Sales,Agent_005,Corporate
3/26/2022,2022,75,6.809898651,71.25664457,Inbound,Agent_001,Retail
3/27/2022,2022,70,4.10370928,87.62614174,Inbound,Agent_002,VIP
3/28/2022,2022,147,1.909967415,76.02629647,Outbound,Agent_005,Corporate
3/29/2022,2022,107,3.86541043,71.60906581,Inbound,Agent_004,VIP
3/30/2022,2022,73,2.513279062,98.78493875,Outbound,Agent_002,Corporate
3/31/2022,2022,77,6.005198615,73.9453292,Sales,Agent_003,Corporate
4/1/2022,2022,79,3.862257679,64.31398725,Outbound,Agent_001,Corporate
4/2/2022,2022,83,9.622604602,75.54356838,Outbound,Agent_003,Corporate
4/3/2022,2022,103,9.691608502,77.90713164,Support,Agent_005,Retail
4/4/2022,2022,101,6.581132925,90.08843302,Inbound,Agent_003,Corporate
4/5/2022,2022,136,6.557475409,97.99657068,Sales,Agent_004,Retail
4/6/2022,2022,57,9.868407081,92.68227935,Support,Agent_004,Retail
4/7/2022,2022,59,8.985548361,97.23765245,Sales,Agent_002,VIP
4/8/2022,2022,104,7.885629542,79.0024052,Support,Agent_001,Retail
4/9/2022,2022,50,3.822315506,88.77266273,Outbound,Agent_001,VIP
4/10/2022,2022,133,4.289851253,72.3619834,Outbound,Agent_004,Retail
4/11/2022,2022,86,2.811400892,62.78348434,Inbound,Agent_003,Retail
4/12/2022,2022,131,5.384333142,74.61894101,Sales,Agent_003,Retail
4/13/2022,2022,70,9.913316699,87.91660913,Outbound,Agent_002,Retail
4/14/2022,2022,53,9.209358577,70.98488441,Sales,Agent_005,VIP
4/15/2022,2022,92,2.065144906,94.45623583,Inbound,Agent_005,Retail
4/16/2022,2022,115,1.226712604,91.630914,Inbound,Agent_002,VIP
4/17/2022,2022,70,9.087739016,67.76170197,Inbound,Agent_005,Retail
4/18/2022,2022,86,5.834531152,73.2334705,Inbound,Agent_004,Corporate
4/19/2022,2022,118,2.801708994,93.0121047,Inbound,Agent_001,VIP
4/20/2022,2022,130,7.062879426,69.75751158,Sales,Agent_001,Corporate
4/21/2022,2022,97,6.798008601,73.26408583,Outbound,Agent_005,VIP
4/22/2022,2022,60,2.098770462,73.7226773,Support,Agent_005,Retail
4/23/2022,2022,144,3.336402101,92.04168111,Inbound,Agent_005,VIP
4/24/2022,2022,141,1.540701679,61.48121062,Support,Agent_001,Retail
4/25/2022,2022,93,2.888744265,62.95147932,Inbound,Agent_005,VIP
4/26/2022,2022,113,2.190751074,83.13806193,Support,Agent_003,Retail
4/27/2022,2022,81,2.739126632,75.88447964,Support,Agent_003,VIP
4/28/2022,2022,70,7.169204313,85.31541278,Inbound,Agent_004,Corporate
4/29/2022,2022,120,1.445497698,70.65845105,Outbound,Agent_002,VIP
4/30/2022,2022,59,1.916691537,96.3833071,Sales,Agent_004,VIP
5/1/2022,2022,110,2.207562743,90.43767549,Outbound,Agent_001,VIP
5/2/2022,2022,141,3.848870089,62.70984882,Outbound,Agent_003,Retail
5/3/2022,2022,85,3.688752798,91.35621909,Sales,Agent_002,Corporate
5/4/2022,2022,133,3.295574068,98.78329489,Outbound,Agent_003,Retail
5/5/2022,2022,126,7.754829881,97.69742482,Sales,Agent_005,Corporate
5/6/2022,2022,68,9.98220509,89.41935192,Support,Agent_001,VIP
5/7/2022,2022,124,5.805801313,64.94375014,Inbound,Agent_002,Retail
5/8/2022,2022,148,9.497824461,83.04307063,Inbound,Agent_004,Retail
5/9/2022,2022,147,4.569491009,71.36930915,Sales,Agent_001,VIP
5/10/2022,2022,93,1.960142021,98.80851775,Outbound,Agent_004,Retail
5/11/2022,2022,53,4.678964465,88.69942901,Sales,Agent_004,Corporate
5/12/2022,2022,62,3.665149961,84.43062359,Inbound,Agent_004,Retail
5/13/2022,2022,108,5.440662661,87.8035217,Inbound,Agent_005,VIP
5/14/2022,2022,51,6.913393092,77.51916516,Inbound,Agent_004,VIP
5/15/2022,2022,50,5.149451972,74.90947006,Support,Agent_003,Retail
5/16/2022,2022,89,9.416444609,97.43198318,Inbound,Agent_002,Corporate
5/17/2022,2022,74,8.962883401,73.27708539,Sales,Agent_002,VIP
5/18/2022,2022,108,7.317798356,61.65744527,Inbound,Agent_001,Corporate
5/19/2022,2022,86,5.407164211,76.03360617,Outbound,Agent_003,Retail
5/20/2022,2022,149,2.185185536,91.6136141,Support,Agent_004,VIP
5/21/2022,2022,119,4.573123001,85.93873432,Sales,Agent_003,Retail
5/22/2022,2022,56,7.339613855,98.48683102,Support,Agent_004,Corporate
5/23/2022,2022,53,3.563969685,64.2480747,Inbound,Agent_004,Corporate
5/24/2022,2022,148,1.935892698,96.46185209,Sales,Agent_002,Corporate
5/25/2022,2022,90,9.171086118,74.75396776,Sales,Agent_005,VIP
5/26/2022,2022,110,7.381457288,78.96010342,Inbound,Agent_001,VIP
5/27/2022,2022,83,6.53748784,77.13928618,Support,Agent_002,VIP
5/28/2022,2022,78,8.13249015,64.65809124,Inbound,Agent_004,Corporate
5/29/2022,2022,118,8.520814338,69.91185823,Inbound,Agent_001,VIP
5/30/2022,2022,76,5.351130984,89.69086277,Outbound,Agent_004,Corporate
5/31/2022,2022,146,8.930694263,60.92030167,Support,Agent_002,VIP
6/1/2022,2022,101,9.247771096,65.35551098,Outbound,Agent_004,Retail
6/2/2022,2022,123,3.443959859,61.00840675,Outbound,Agent_001,Retail
6/3/2022,2022,103,6.467908238,94.29552229,Outbound,Agent_004,Corporate
6/4/2022,2022,119,5.739256259,84.69299311,Support,Agent_002,Corporate
6/5/2022,2022,83,5.841512012,66.79714648,Sales,Agent_004,Retail
6/6/2022,2022,57,9.438967846,90.75088892,Inbound,Agent_001,Corporate
6/7/2022,2022,144,3.746698324,98.6720239,Outbound,Agent_003,Corporate
6/8/2022,2022,122,9.850905804,97.38241498,Inbound,Agent_003,VIP
6/9/2022,2022,134,9.119180933,96.86190191,Outbound,Agent_005,VIP
6/10/2022,2022,57,5.128505998,60.31240862,Inbound,Agent_005,VIP
6/11/2022,2022,117,8.357079373,83.56053956,Outbound,Agent_002,Corporate
6/12/2022,2022,135,7.921422949,70.26530467,Inbound,Agent_004,VIP
6/13/2022,2022,141,7.101054727,82.58588857,Sales,Agent_004,VIP
6/14/2022,2022,117,3.878505004,72.72121157,Inbound,Agent_004,VIP
6/15/2022,2022,134,2.768058926,66.14666171,Sales,Agent_002,Corporate
6/16/2022,2022,121,7.043749271,77.77974893,Outbound,Agent_002,VIP
6/17/2022,2022,133,8.586759668,79.80385309,Sales,Agent_004,VIP
6/18/2022,2022,145,1.146275098,99.59062027,Inbound,Agent_001,Corporate
6/19/2022,2022,50,6.785230378,61.69551537,Sales,Agent_002,Corporate
6/20/2022,2022,55,4.985857222,72.04620796,Outbound,Agent_005,VIP
6/21/2022,2022,141,9.082789796,94.0757538,Outbound,Agent_001,Corporate
6/22/2022,2022,80,3.893256378,86.38781993,Support,Agent_003,VIP
6/23/2022,2022,123,5.26766331,93.06732127,Outbound,Agent_004,Retail
6/24/2022,2022,133,5.632903936,86.41163674,Inbound,Agent_005,Retail
6/25/2022,2022,57,2.263955692,90.38145237,Inbound,Agent_005,Corporate
6/26/2022,2022,71,7.416030724,79.71687,Support,Agent_005,Retail
6/27/2022,2022,142,8.474287106,68.19510772,Support,Agent_005,VIP
6/28/2022,2022,58,1.521183492,92.40015443,Outbound,Agent_004,Corporate
6/29/2022,2022,93,3.622499385,82.71282619,Inbound,Agent_005,Corporate
6/30/2022,2022,96,1.342402134,65.58020775,Support,Agent_005,Corporate
7/1/2022,2022,50,9.608896942,92.19576107,Inbound,Agent_001,VIP
7/2/2022,2022,101,7.004519386,98.34343641,Support,Agent_002,Corporate
7/3/2022,2022,88,9.677803775,73.84655491,Inbound,Agent_003,VIP
7/4/2022,2022,139,5.783448505,71.74049008,Inbound,Agent_004,Retail
7/5/2022,2022,124,8.218616715,63.27100713,Support,Agent_003,Corporate
7/6/2022,2022,148,4.369725855,86.57964906,Inbound,Agent_003,Retail
7/7/2022,2022,137,4.184371293,98.35846474,Outbound,Agent_002,VIP
7/8/2022,2022,146,4.404410354,65.4397076,Outbound,Agent_004,Retail
7/9/2022,2022,133,6.920759204,79.40638525,Inbound,Agent_001,Corporate
7/10/2022,2022,76,4.235078359,63.92952739,Outbound,Agent_002,Retail
7/11/2022,2022,128,9.103307064,61.36439615,Sales,Agent_005,Corporate
7/12/2022,2022,82,9.849473785,86.58004203,Inbound,Agent_005,Retail
7/13/2022,2022,120,1.273838638,94.70748701,Sales,Agent_003,Retail
7/14/2022,2022,147,2.742609614,73.50282145,Sales,Agent_001,Retail
7/15/2022,2022,94,2.010249933,95.03060698,Outbound,Agent_003,Retail
7/16/2022,2022,109,1.381276424,64.68212397,Sales,Agent_005,Corporate
7/17/2022,2022,107,3.04966894,69.51842728,Support,Agent_004,Retail
7/18/2022,2022,100,5.021139883,96.06426908,Inbound,Agent_002,Retail
7/19/2022,2022,95,8.532913288,80.34039575,Inbound,Agent_001,Retail
7/20/2022,2022,54,2.996416275,84.32769535,Sales,Agent_002,Corporate
7/21/2022,2022,107,5.445507301,61.5207293,Outbound,Agent_002,Retail
7/22/2022,2022,143,9.366568655,65.13559641,Sales,Agent_003,Retail
7/23/2022,2022,141,7.004932361,62.2316325,Sales,Agent_005,Corporate
7/24/2022,2022,67,8.182711178,96.2000296,Support,Agent_001,Retail
7/25/2022,2022,85,5.958945732,65.39179855,Sales,Agent_002,VIP
7/26/2022,2022,116,9.82419813,93.98691306,Sales,Agent_001,Retail
7/27/2022,2022,70,6.297959392,74.04138797,Inbound,Agent_001,VIP
7/28/2022,2022,95,1.409596426,92.02389985,Support,Agent_005,Retail
7/29/2022,2022,107,2.781845199,74.6017419,Inbound,Agent_002,Retail
7/30/2022,2022,129,4.642962661,70.70736159,Outbound,Agent_001,Corporate
7/31/2022,2022,86,6.411494553,63.74642805,Outbound,Agent_001,VIP
8/1/2022,2022,112,7.947377807,71.22826362,Sales,Agent_002,Retail
8/2/2022,2022,54,4.717775133,78.85918867,Support,Agent_002,Retail
8/3/2022,2022,127,7.390524745,92.70035196,Sales,Agent_002,Retail
8/4/2022,2022,80,8.108825528,78.10059819,Sales,Agent_003,Retail
8/5/2022,2022,137,3.855341775,98.857423,Outbound,Agent_002,Retail
8/6/2022,2022,148,9.81343216,81.66532043,Support,Agent_005,VIP
8/7/2022,2022,85,6.846908457,60.99782519,Outbound,Agent_001,Corporate
8/8/2022,2022,123,8.928982547,76.61469201,Sales,Agent_003,Corporate
8/9/2022,2022,140,6.003439199,87.5559643,Support,Agent_002,VIP
8/10/2022,2022,105,7.674427964,69.37166585,Sales,Agent_004,Corporate
8/11/2022,2022,76,7.934896555,87.94519803,Sales,Agent_003,Corporate
8/12/2022,2022,72,9.174235413,80.14789221,Outbound,Agent_003,VIP
8/13/2022,2022,126,2.353147812,61.02951102,Support,Agent_003,Corporate
8/14/2022,2022,129,6.024550818,90.97411798,Outbound,Agent_003,Retail
8/15/2022,2022,148,4.855406618,82.41494815,Support,Agent_001,Corporate
8/16/2022,2022,140,9.308431191,63.29974012,Sales,Agent_001,Corporate
8/17/2022,2022,101,1.945852248,79.00856134,Sales,Agent_003,Retail
8/18/2022,2022,96,9.843164998,71.49171527,Inbound,Agent_004,VIP
8/19/2022,2022,130,8.879061917,95.1872617,Support,Agent_002,Retail
8/20/2022,2022,111,1.664436534,71.39708211,Sales,Agent_003,VIP
8/21/2022,2022,110,5.41869747,97.66748284,Outbound,Agent_003,Retail
8/22/2022,2022,97,7.458035502,81.84530997,Outbound,Agent_002,VIP
8/23/2022,2022,50,7.643363911,72.94454838,Inbound,Agent_001,Retail
8/24/2022,2022,60,9.158447127,92.5418007,Outbound,Agent_003,Retail
8/25/2022,2022,125,8.19878892,87.89601513,Inbound,Agent_003,Retail
8/26/2022,2022,63,3.798373423,76.55849983,Support,Agent_003,VIP
8/27/2022,2022,121,5.485913073,85.18473211,Outbound,Agent_003,VIP
8/28/2022,2022,144,7.316071866,91.14337056,Inbound,Agent_002,VIP
8/29/2022,2022,56,2.245931572,94.06231177,Sales,Agent_001,Corporate
8/30/2022,2022,95,2.745917178,92.65650855,Inbound,Agent_004,Corporate
8/31/2022,2022,80,5.329382033,66.64308354,Outbound,Agent_002,Retail
9/1/2022,2022,65,3.684212188,93.1355821,Inbound,Agent_004,Retail
9/2/2022,2022,91,8.763033248,62.34516236,Inbound,Agent_004,Retail
9/3/2022,2022,88,6.276495894,68.00682726,Support,Agent_002,Retail
9/4/2022,2022,103,4.137986779,84.9170688,Support,Agent_001,Retail
9/5/2022,2022,93,8.63949723,64.58770102,Support,Agent_001,Corporate
9/6/2022,2022,132,8.243906037,84.1339038,Inbound,Agent_001,Retail
9/7/2022,2022,57,9.985193894,72.31862765,Outbound,Agent_002,Corporate
9/8/2022,2022,142,8.625769195,77.17866341,Support,Agent_002,Corporate
9/9/2022,2022,115,4.730108813,72.60606014,Outbound,Agent_005,Retail
9/10/2022,2022,91,2.147489936,62.80694271,Support,Agent_002,VIP
9/11/2022,2022,116,8.565768174,80.03035012,Inbound,Agent_005,Corporate
9/12/2022,2022,142,1.537821262,98.54397778,Support,Agent_004,Corporate
9/13/2022,2022,128,4.152440866,84.47133393,Outbound,Agent_002,VIP
9/14/2022,2022,141,9.277641827,72.00127486,Inbound,Agent_005,Corporate
9/15/2022,2022,81,9.646898261,98.24599336,Sales,Agent_001,VIP
9/16/2022,2022,143,6.765081342,75.56949008,Sales,Agent_004,Retail
9/17/2022,2022,100,7.197834853,87.90070935,Outbound,Agent_002,Retail
9/18/2022,2022,96,1.382090399,85.3645122,Inbound,Agent_003,Retail
9/19/2022,2022,143,5.63032307,98.11643392,Outbound,Agent_004,Corporate
9/20/2022,2022,83,5.921813609,96.58410778,Support,Agent_004,VIP
9/21/2022,2022,62,4.060906715,65.92016225,Inbound,Agent_005,VIP
9/22/2022,2022,146,1.617371513,63.42743499,Outbound,Agent_002,Corporate
9/23/2022,2022,130,3.060168398,92.38569311,Inbound,Agent_005,VIP
9/24/2022,2022,116,4.221855432,96.19772853,Outbound,Agent_004,Corporate
9/25/2022,2022,122,4.916277879,79.71894416,Outbound,Agent_001,Corporate
9/26/2022,2022,60,6.31834053,87.63045095,Inbound,Agent_002,Corporate
9/27/2022,2022,140,7.501523668,62.79153121,Sales,Agent_002,Retail
9/28/2022,2022,77,3.858686859,68.79217591,Support,Agent_002,VIP
9/29/2022,2022,106,3.960583839,65.97504779,Sales,Agent_001,VIP
9/30/2022,2022,115,1.177224785,84.04642334,Inbound,Agent_004,Corporate
10/1/2022,2022,114,1.367873741,67.90159575,Support,Agent_003,Retail
10/2/2022,2022,119,3.320395249,62.39385262,Outbound,Agent_004,Corporate
10/3/2022,2022,138,7.662204979,72.08829131,Sales,Agent_001,Corporate
10/4/2022,2022,84,6.654824473,87.08849716,Inbound,Agent_005,Corporate
10/5/2022,2022,129,7.928101186,83.11454897,Sales,Agent_005,VIP
10/6/2022,2022,53,7.920274926,73.22899862,Inbound,Agent_003,VIP
10/7/2022,2022,110,8.709107209,93.33915503,Support,Agent_005,Retail
10/8/2022,2022,87,7.482873394,71.05076432,Sales,Agent_001,Corporate
10/9/2022,2022,93,9.811098271,70.42190553,Support,Agent_003,Corporate
10/10/2022,2022,133,9.089426974,82.39789643,Inbound,Agent_001,VIP
10/11/2022,2022,138,6.280454496,79.12862559,Inbound,Agent_002,Corporate
10/12/2022,2022,120,6.293419034,77.83890642,Outbound,Agent_005,Retail
10/13/2022,2022,70,1.308403363,66.23142476,Inbound,Agent_002,Retail
10/14/2022,2022,56,9.986739199,80.18584767,Sales,Agent_004,Retail
10/15/2022,2022,78,2.184183976,70.36075669,Inbound,Agent_002,Corporate
10/16/2022,2022,56,7.66312477,75.6871953,Inbound,Agent_005,VIP
10/17/2022,2022,116,8.389136756,89.34281791,Outbound,Agent_004,VIP
10/18/2022,2022,142,4.357490764,97.47451302,Support,Agent_005,Corporate
10/19/2022,2022,142,2.771668492,90.95451861,Inbound,Agent_005,Corporate
10/20/2022,2022,119,1.888838981,76.22535578,Inbound,Agent_005,VIP
10/21/2022,2022,123,7.737454052,83.72132557,Outbound,Agent_001,Retail
10/22/2022,2022,104,5.073881763,89.85991264,Sales,Agent_005,Retail
10/23/2022,2022,127,7.423459831,76.568842,Inbound,Agent_004,Retail
10/24/2022,2022,71,9.23866884,74.40992635,Support,Agent_004,Retail
10/25/2022,2022,81,2.319253625,65.40973184,Outbound,Agent_003,Corporate
10/26/2022,2022,131,9.272539007,89.45043206,Sales,Agent_005,Retail
10/27/2022,2022,85,4.704638136,93.54034363,Outbound,Agent_001,VIP
10/28/2022,2022,58,3.747403089,72.66337644,Inbound,Agent_005,VIP
10/29/2022,2022,75,9.487560345,91.34031063,Inbound,Agent_004,VIP
10/30/2022,2022,71,9.915865233,84.40852233,Support,Agent_002,VIP
10/31/2022,2022,95,2.79002996,91.36332186,Outbound,Agent_005,Retail
11/1/2022,2022,136,6.911545123,76.45349533,Outbound,Agent_001,VIP
11/2/2022,2022,66,1.958457824,89.90305455,Outbound,Agent_004,Retail
11/3/2022,2022,75,6.858226035,76.34036472,Sales,Agent_005,Retail
11/4/2022,2022,87,8.44581905,63.55031942,Outbound,Agent_003,Corporate
11/5/2022,2022,51,7.160486919,82.02315673,Outbound,Agent_002,VIP
11/6/2022,2022,55,4.755998279,78.17314906,Sales,Agent_004,Retail
11/7/2022,2022,120,4.447597236,70.11519549,Support,Agent_003,Retail
11/8/2022,2022,62,4.538101737,95.6845334,Support,Agent_004,VIP
11/9/2022,2022,140,6.307406362,75.31413222,Support,Agent_002,VIP
11/10/2022,2022,124,8.934105431,61.56504446,Outbound,Agent_003,VIP
11/11/2022,2022,104,9.361595415,75.28542961,Sales,Agent_003,VIP
11/12/2022,2022,128,1.481766582,76.98039232,Sales,Agent_002,Corporate
11/13/2022,2022,112,2.634601552,94.46550893,Support,Agent_002,Retail
11/14/2022,2022,122,2.010018842,91.96732832,Outbound,Agent_002,Retail
11/15/2022,2022,121,2.740011767,67.99866344,Support,Agent_004,VIP
11/16/2022,2022,95,4.119470295,93.56116904,Inbound,Agent_004,Retail
11/17/2022,2022,55,5.558785144,69.91708913,Inbound,Agent_001,Retail
11/18/2022,2022,97,6.665151043,73.67736593,Outbound,Agent_003,Corporate
11/19/2022,2022,109,7.589279972,63.07273816,Support,Agent_003,Corporate
11/20/2022,2022,92,9.011003872,62.21425253,Inbound,Agent_005,Retail
11/21/2022,2022,117,9.901795935,87.23440483,Sales,Agent_003,Corporate
11/22/2022,2022,60,6.965708307,96.93364338,Outbound,Agent_001,VIP
11/23/2022,2022,107,8.608280668,79.72067417,Inbound,Agent_001,Corporate
11/24/2022,2022,141,8.002349622,93.76374848,Inbound,Agent_002,Corporate
11/25/2022,2022,139,3.767788353,91.75004999,Sales,Agent_003,VIP
11/26/2022,2022,53,8.881230432,86.58714894,Outbound,Agent_001,VIP
11/27/2022,2022,128,1.384868242,99.12915724,Inbound,Agent_002,Corporate
11/28/2022,2022,132,1.003306094,92.08751684,Inbound,Agent_001,Corporate
11/29/2022,2022,119,3.463593664,70.99377577,Outbound,Agent_003,Corporate
11/30/2022,2022,108,5.158877767,91.56056985,Outbound,Agent_003,Corporate
12/1/2022,2022,54,6.745266055,87.70646585,Outbound,Agent_002,VIP
12/2/2022,2022,67,1.915932399,75.98081787,Sales,Agent_003,Retail
12/3/2022,2022,119,7.057091205,63.07189881,Inbound,Agent_002,Retail
12/4/2022,2022,113,8.216342804,68.57438118,Support,Agent_003,VIP
12/5/2022,2022,144,2.667816276,91.88951567,Outbound,Agent_005,Corporate
12/6/2022,2022,74,4.736127293,69.93941153,Support,Agent_002,Corporate
12/7/2022,2022,53,5.67986491,99.91431932,Sales,Agent_005,Retail
12/8/2022,2022,119,5.066263163,87.7595256,Support,Agent_003,Retail
12/9/2022,2022,90,8.198469378,79.08889923,Inbound,Agent_004,Corporate
12/10/2022,2022,86,9.644701583,82.81746761,Sales,Agent_003,VIP
12/11/2022,2022,108,8.190578476,84.43490894,Sales,Agent_004,VIP
12/12/2022,2022,99,1.701935361,98.7577928,Outbound,Agent_003,VIP
12/13/2022,2022,105,8.244420149,66.46964779,Inbound,Agent_002,Corporate
12/14/2022,2022,74,1.59936699,70.89583211,Outbound,Agent_001,Corporate
12/15/2022,2022,83,3.123733467,88.38364192,Outbound,Agent_002,Corporate
12/16/2022,2022,68,2.377872072,69.59431933,Support,Agent_004,Corporate
12/17/2022,2022,147,2.777671962,94.85188649,Inbound,Agent_003,Retail
12/18/2022,2022,128,5.754836144,73.86136703,Support,Agent_003,VIP
12/19/2022,2022,57,7.045208718,67.233576,Inbound,Agent_003,Retail
12/20/2022,2022,103,5.232891541,61.90483043,Support,Agent_001,Corporate
12/21/2022,2022,96,9.637260751,83.82380161,Outbound,Agent_001,Retail
12/22/2022,2022,83,3.16263088,93.01128758,Outbound,Agent_002,Retail
12/23/2022,2022,131,7.868262072,70.95172445,Outbound,Agent_002,Retail
12/24/2022,2022,79,8.831639607,96.70157945,Inbound,Agent_004,VIP
12/25/2022,2022,62,6.058594997,90.3093708,Outbound,Agent_001,Corporate
12/26/2022,2022,96,5.106002518,62.4520273,Inbound,Agent_005,Corporate
12/27/2022,2022,82,6.365660021,82.90531987,Support,Agent_002,VIP
12/28/2022,2022,84,4.859287931,82.69763761,Support,Agent_005,VIP
12/29/2022,2022,137,5.996744941,68.0948922,Support,Agent_002,VIP
12/30/2022,2022,75,4.752405569,73.38177515,Outbound,Agent_005,VIP
12/31/2022,2022,96,4.604227393,78.33115574,Inbound,Agent_005,Corporate
1/1/2023,2023,102,7.258118213,61.92311285,Outbound,Agent_002,VIP
1/2/2023,2023,114,1.835660918,65.99105637,Outbound,Agent_001,Corporate
1/3/2023,2023,126,2.498878655,66.56017556,Outbound,Agent_002,VIP
1/4/2023,2023,123,8.660786245,75.16943018,Inbound,Agent_001,Corporate
1/5/2023,2023,68,7.939696121,89.89429835,Inbound,Agent_003,Retail
1/6/2023,2023,54,3.533083546,93.25214636,Outbound,Agent_003,Retail
1/7/2023,2023,57,4.395420394,66.51396184,Outbound,Agent_003,VIP
1/8/2023,2023,53,9.33423856,90.07624144,Inbound,Agent_003,VIP
1/9/2023,2023,98,8.362695027,86.82839834,Outbound,Agent_004,Corporate
1/10/2023,2023,126,6.5291167,95.62749568,Inbound,Agent_004,Corporate
1/11/2023,2023,87,2.993411609,98.75165016,Sales,Agent_002,Retail
1/12/2023,2023,98,1.398267742,64.97842435,Sales,Agent_005,Corporate
1/13/2023,2023,132,4.881320622,63.22695446,Support,Agent_004,VIP
1/14/2023,2023,101,7.053644253,91.98920516,Support,Agent_004,Corporate
1/15/2023,2023,99,8.456324415,66.48683492,Outbound,Agent_005,Retail
1/16/2023,2023,121,8.674201052,67.78298097,Inbound,Agent_004,Retail
1/17/2023,2023,140,1.294983112,95.2814369,Inbound,Agent_005,Retail
1/18/2023,2023,99,3.197413305,97.55859588,Outbound,Agent_004,Corporate
1/19/2023,2023,79,4.051851296,72.73884976,Outbound,Agent_003,Retail
1/20/2023,2023,53,2.698589899,93.68672402,Inbound,Agent_005,VIP
1/21/2023,2023,124,8.226778405,94.35427638,Support,Agent_003,VIP
1/22/2023,2023,134,7.907191868,84.21561922,Outbound,Agent_002,Retail
1/23/2023,2023,115,5.651497363,82.64353792,Inbound,Agent_005,Corporate
1/24/2023,2023,70,9.846338302,83.03353637,Support,Agent_005,VIP
1/25/2023,2023,130,2.29652687,72.05156751,Outbound,Agent_001,Retail
1/26/2023,2023,92,9.09686533,84.75468156,Sales,Agent_004,Corporate
1/27/2023,2023,78,2.048169287,69.74321084,Support,Agent_005,Retail
1/28/2023,2023,76,2.46863535,67.1052916,Support,Agent_001,Retail
1/29/2023,2023,137,7.265972802,76.51801818,Outbound,Agent_001,Corporate
1/30/2023,2023,102,1.986127228,88.23121692,Sales,Agent_001,Corporate
1/31/2023,2023,98,6.092605859,84.85710749,Inbound,Agent_003,Corporate
2/1/2023,2023,116,4.782101828,98.59528317,Inbound,Agent_001,Corporate
2/2/2023,2023,59,7.55626569,85.85823645,Inbound,Agent_005,VIP
2/3/2023,2023,52,9.106077149,65.65256199,Support,Agent_002,Retail
2/4/2023,2023,139,7.928843632,66.44872853,Sales,Agent_004,Corporate
2/5/2023,2023,140,8.647208888,63.7226856,Support,Agent_003,Corporate
2/6/2023,2023,118,1.296509037,67.6469506,Support,Agent_001,Retail
2/7/2023,2023,60,3.791759484,83.91803603,Outbound,Agent_001,Retail
2/8/2023,2023,62,5.63889778,93.531459,Outbound,Agent_003,Corporate
2/9/2023,2023,147,4.743579832,95.75470608,Sales,Agent_003,VIP
2/10/2023,2023,87,3.081294577,76.00175547,Sales,Agent_005,Corporate
2/11/2023,2023,89,3.770866882,82.34332114,Outbound,Agent_005,VIP
2/12/2023,2023,82,9.508878734,92.36798369,Support,Agent_002,VIP
2/13/2023,2023,83,3.647627919,72.48282085,Outbound,Agent_005,Corporate
2/14/2023,2023,76,4.185136992,83.82676018,Outbound,Agent_005,Corporate
2/15/2023,2023,149,1.033387964,66.96330044,Support,Agent_003,VIP
2/16/2023,2023,139,8.605698646,79.06161362,Support,Agent_003,Corporate
2/17/2023,2023,100,2.393566331,66.92289041,Sales,Agent_004,Retail
2/18/2023,2023,138,2.83729848,78.49705561,Support,Agent_003,Corporate
2/19/2023,2023,132,3.297380654,75.87278767,Inbound,Agent_003,Corporate
2/20/2023,2023,70,8.961598512,77.33059294,Sales,Agent_005,Corporate
2/21/2023,2023,144,2.858062701,69.74848904,Outbound,Agent_005,Corporate
2/22/2023,2023,78,8.177737248,65.4417337,Sales,Agent_003,Retail
2/23/2023,2023,122,8.272444063,71.02661312,Outbound,Agent_003,VIP
2/24/2023,2023,68,9.343185119,69.58320157,Support,Agent_004,Retail
2/25/2023,2023,75,2.040051822,89.3718481,Sales,Agent_001,Retail
2/26/2023,2023,74,2.955510751,88.67900292,Support,Agent_003,Corporate
2/27/2023,2023,89,7.686084629,83.37931975,Inbound,Agent_002,Corporate
2/28/2023,2023,78,2.764006789,63.65335193,Outbound,Agent_004,Corporate
3/1/2023,2023,74,3.576965922,82.65047417,Support,Agent_001,Retail
3/2/2023,2023,68,2.500674221,63.16948104,Sales,Agent_005,Corporate
3/3/2023,2023,117,2.554270175,60.72692077,Inbound,Agent_003,Corporate
3/4/2023,2023,94,5.333980192,74.10384461,Outbound,Agent_002,Retail
3/5/2023,2023,133,1.987147559,69.62179676,Support,Agent_005,VIP
3/6/2023,2023,95,3.895278566,83.78590726,Sales,Agent_003,Retail
3/7/2023,2023,104,4.839345186,97.14569952,Outbound,Agent_001,Corporate
3/8/2023,2023,50,1.220933049,88.79408111,Inbound,Agent_003,VIP
3/9/2023,2023,60,4.494998498,90.69443448,Outbound,Agent_003,Corporate
3/10/2023,2023,117,1.847101925,98.03572441,Sales,Agent_002,Retail
3/11/2023,2023,56,5.44220678,85.36364324,Inbound,Agent_004,VIP
3/12/2023,2023,141,8.431643697,83.10923766,Support,Agent_005,Corporate
3/13/2023,2023,149,8.36579946,84.07471904,Inbound,Agent_005,Retail
3/14/2023,2023,107,1.72403664,94.63221026,Support,Agent_003,Corporate
3/15/2023,2023,120,6.411049819,75.52396141,Inbound,Agent_002,Corporate
3/16/2023,2023,69,8.511277438,91.81344902,Outbound,Agent_004,Retail
3/17/2023,2023,84,3.141752886,86.0902774,Support,Agent_003,VIP
3/18/2023,2023,100,7.857338603,72.18286203,Sales,Agent_005,VIP
3/19/2023,2023,70,9.016879118,60.54753644,Sales,Agent_003,VIP
3/20/2023,2023,93,8.255117363,68.3967996,Inbound,Agent_001,Retail
3/21/2023,2023,50,1.965709284,87.99955059,Outbound,Agent_004,Retail
3/22/2023,2023,116,1.081539996,83.18761239,Sales,Agent_003,Retail
3/23/2023,2023,147,2.725516989,70.98378799,Outbound,Agent_002,Corporate
3/24/2023,2023,62,3.434296069,77.37209886,Sales,Agent_005,Retail
3/25/2023,2023,65,6.545646916,86.44595062,Sales,Agent_001,VIP
3/26/2023,2023,83,4.458458577,65.08344562,Inbound,Agent_002,Corporate
3/27/2023,2023,73,7.330663276,77.29118323,Outbound,Agent_005,Corporate
3/28/2023,2023,62,4.177674645,76.6649686,Sales,Agent_001,VIP
3/29/2023,2023,55,2.389828822,81.7040408,Support,Agent_005,VIP
3/30/2023,2023,88,3.814208591,80.87654721,Outbound,Agent_004,VIP
3/31/2023,2023,51,8.958918038,74.7090674,Outbound,Agent_003,Corporate
4/1/2023,2023,60,9.626791098,90.50934515,Sales,Agent_005,VIP
4/2/2023,2023,56,2.867614607,62.6891616,Inbound,Agent_001,VIP
4/3/2023,2023,56,8.096215483,61.4215389,Support,Agent_004,Retail
4/4/2023,2023,88,3.460138629,76.81037358,Inbound,Agent_003,Corporate
4/5/2023,2023,125,8.984183891,95.86777001,Sales,Agent_004,Corporate
4/6/2023,2023,135,2.489910515,71.10277402,Sales,Agent_002,VIP
4/7/2023,2023,100,6.993639268,66.89237299,Support,Agent_002,VIP
4/8/2023,2023,101,1.757901382,97.12833577,Support,Agent_003,Retail
4/9/2023,2023,52,9.765039916,66.72893018,Outbound,Agent_002,Corporate
4/10/2023,2023,126,7.305700102,74.99362147,Outbound,Agent_003,Corporate
4/11/2023,2023,79,8.576341655,89.16062041,Outbound,Agent_002,Retail
4/12/2023,2023,59,6.100024054,70.43696034,Sales,Agent_002,VIP
4/13/2023,2023,122,5.291212275,69.19398111,Outbound,Agent_002,Corporate
4/14/2023,2023,55,6.596941523,75.90668936,Sales,Agent_003,Retail
4/15/2023,2023,103,5.758673605,91.49459258,Inbound,Agent_005,VIP
4/16/2023,2023,115,5.224459196,96.43933413,Inbound,Agent_005,Corporate
4/17/2023,2023,93,7.835052263,61.25170112,Sales,Agent_002,Retail
4/18/2023,2023,129,2.603808594,66.60432509,Support,Agent_005,Retail
4/19/2023,2023,112,2.540548433,98.34405157,Outbound,Agent_004,VIP
4/20/2023,2023,126,4.886583856,83.71165166,Support,Agent_002,Corporate
4/21/2023,2023,97,3.886731244,82.05641077,Inbound,Agent_004,Retail
4/22/2023,2023,126,1.667120661,92.54174717,Sales,Agent_005,VIP
4/23/2023,2023,71,8.600234432,61.59133192,Sales,Agent_003,Retail
4/24/2023,2023,68,7.94442526,60.55345005,Sales,Agent_001,VIP
4/25/2023,2023,139,5.895293498,98.69976199,Sales,Agent_003,Retail
4/26/2023,2023,63,9.813920835,93.14282742,Outbound,Agent_003,Corporate
4/27/2023,2023,144,1.653400599,89.89527126,Outbound,Agent_005,Corporate
4/28/2023,2023,142,7.900023709,66.22803081,Sales,Agent_003,VIP
4/29/2023,2023,135,3.397333524,79.06415692,Outbound,Agent_005,Retail
4/30/2023,2023,56,4.317390279,97.49174154,Inbound,Agent_001,VIP
5/1/2023,2023,98,2.973514467,97.34398382,Support,Agent_005,VIP
5/2/2023,2023,90,8.101341023,60.36988428,Outbound,Agent_004,VIP
5/3/2023,2023,76,2.298160918,90.09965636,Outbound,Agent_005,Retail
5/4/2023,2023,80,8.56015028,60.24951066,Support,Agent_004,VIP
5/5/2023,2023,55,6.954198834,99.37206911,Support,Agent_003,Retail
5/6/2023,2023,65,1.531209207,76.67868808,Sales,Agent_003,VIP
5/7/2023,2023,113,8.298835584,98.94075032,Support,Agent_004,VIP
5/8/2023,2023,87,6.649801445,74.70987236,Outbound,Agent_003,Corporate
5/9/2023,2023,109,9.144840876,71.72749162,Outbound,Agent_002,Corporate
5/10/2023,2023,145,7.738500758,72.65167855,Sales,Agent_001,VIP
5/11/2023,2023,146,6.050088347,89.22716267,Outbound,Agent_005,Corporate
5/12/2023,2023,130,8.528924626,67.98691336,Support,Agent_001,VIP
5/13/2023,2023,82,3.502452145,94.56230767,Outbound,Agent_003,Corporate
5/14/2023,2023,112,5.922550557,83.62290775,Sales,Agent_001,VIP
5/15/2023,2023,60,3.642551378,98.79644104,Inbound,Agent_002,Corporate
5/16/2023,2023,62,9.71383952,99.48339614,Outbound,Agent_002,Retail
5/17/2023,2023,143,3.035766708,67.40728005,Support,Agent_005,VIP
5/18/2023,2023,114,1.141644157,98.23128214,Sales,Agent_003,VIP
5/19/2023,2023,79,3.932693578,61.86153946,Sales,Agent_003,Retail
5/20/2023,2023,140,5.522584573,61.11454896,Inbound,Agent_002,Retail
5/21/2023,2023,72,1.255266408,97.75458309,Support,Agent_004,Retail
5/22/2023,2023,69,6.0332347,98.4958695,Outbound,Agent_001,Retail
5/23/2023,2023,55,8.868544975,65.88990691,Inbound,Agent_002,Retail
5/24/2023,2023,86,7.34258975,77.69663262,Outbound,Agent_001,Corporate
5/25/2023,2023,133,6.606714907,79.76370112,Support,Agent_005,Corporate
5/26/2023,2023,55,9.603655756,94.41124946,Outbound,Agent_002,Corporate
5/27/2023,2023,142,9.624514005,85.11668973,Outbound,Agent_005,Corporate
5/28/2023,2023,126,8.418398227,90.98265697,Sales,Agent_004,Corporate
5/29/2023,2023,76,6.469676626,79.40387382,Support,Agent_004,Retail
5/30/2023,2023,133,5.389881035,85.93654809,Support,Agent_003,VIP
5/31/2023,2023,62,1.119845019,89.4163744,Sales,Agent_005,Corporate
6/1/2023,2023,57,6.456357156,89.51525136,Outbound,Agent_002,VIP
6/2/2023,2023,102,9.901792678,60.06951307,Sales,Agent_001,Retail
6/3/2023,2023,130,8.36290945,63.99632295,Sales,Agent_001,VIP
6/4/2023,2023,79,4.065441795,74.54641764,Support,Agent_005,Retail
6/5/2023,2023,50,2.368423225,62.44789788,Sales,Agent_002,VIP
6/6/2023,2023,137,8.05652753,75.31958809,Sales,Agent_003,VIP
6/7/2023,2023,129,7.695440386,75.58267394,Outbound,Agent_004,Retail
6/8/2023,2023,124,9.703421128,96.80934149,Outbound,Agent_004,Retail
6/9/2023,2023,53,8.873581257,82.6828742,Inbound,Agent_003,Corporate
6/10/2023,2023,111,6.000963627,88.25405122,Sales,Agent_002,Retail
6/11/2023,2023,117,1.911558223,95.48794728,Sales,Agent_001,Corporate
6/12/2023,2023,66,5.351505925,77.68517283,Sales,Agent_001,Corporate
6/13/2023,2023,123,3.823255486,60.07848578,Outbound,Agent_001,Retail
6/14/2023,2023,134,5.611676338,71.41344099,Sales,Agent_002,VIP
6/15/2023,2023,106,3.715314172,92.566348,Outbound,Agent_002,Corporate
6/16/2023,2023,112,8.756406928,96.07364679,Support,Agent_005,Corporate
6/17/2023,2023,106,8.598943126,74.06038324,Inbound,Agent_005,Corporate
6/18/2023,2023,98,3.839186415,71.75965012,Inbound,Agent_003,Retail
6/19/2023,2023,67,6.396232117,96.98020844,Sales,Agent_003,Retail
6/20/2023,2023,107,4.871627719,74.04294944,Inbound,Agent_001,VIP
6/21/2023,2023,59,9.181834813,86.08980752,Sales,Agent_002,Corporate
6/22/2023,2023,112,2.686248113,71.2123694,Outbound,Agent_005,VIP
6/23/2023,2023,129,7.279555616,63.91675195,Inbound,Agent_001,Retail
6/24/2023,2023,128,9.733377951,80.04945247,Inbound,Agent_005,Corporate
6/25/2023,2023,83,2.577479676,96.92927348,Sales,Agent_002,Retail
6/26/2023,2023,54,2.817697856,84.74563016,Support,Agent_002,Corporate
6/27/2023,2023,66,7.243510048,68.35306499,Support,Agent_003,Retail
6/28/2023,2023,121,8.012385321,87.29718293,Outbound,Agent_002,Retail
6/29/2023,2023,112,5.414941493,90.73444576,Outbound,Agent_002,VIP
6/30/2023,2023,73,6.487178186,72.83042248,Outbound,Agent_001,VIP
7/1/2023,2023,141,2.914141679,82.36837606,Support,Agent_002,Retail
7/2/2023,2023,57,5.289528057,87.27812526,Inbound,Agent_004,Corporate
7/3/2023,2023,72,2.008646928,66.41412582,Inbound,Agent_001,VIP
7/4/2023,2023,148,3.892797327,98.56403759,Sales,Agent_003,Corporate
7/5/2023,2023,80,3.563017345,78.05007846,Sales,Agent_001,Retail
7/6/2023,2023,130,5.001628241,99.18657562,Inbound,Agent_001,VIP
7/7/2023,2023,77,9.37113726,67.58295463,Support,Agent_002,Retail
7/8/2023,2023,97,2.631408959,79.35094185,Support,Agent_001,Corporate
7/9/2023,2023,61,4.61249422,66.63414615,Support,Agent_005,VIP
7/10/2023,2023,137,6.540374972,60.4072329,Sales,Agent_004,VIP
7/11/2023,2023,128,9.519013775,69.5150069,Support,Agent_005,Corporate
7/12/2023,2023,80,2.198333724,76.12749348,Inbound,Agent_003,Retail
7/13/2023,2023,140,9.260889553,77.24522951,Sales,Agent_004,Corporate
7/14/2023,2023,84,1.729484098,95.4602062,Sales,Agent_002,Retail
7/15/2023,2023,104,5.326672574,85.42709056,Inbound,Agent_004,Retail
7/16/2023,2023,131,5.091308805,77.37766621,Support,Agent_002,Corporate
7/17/2023,2023,85,2.88642456,99.51990798,Sales,Agent_001,Retail
7/18/2023,2023,121,4.127137013,84.56897327,Support,Agent_002,VIP
7/19/2023,2023,109,5.087487415,72.9065186,Inbound,Agent_003,VIP
7/20/2023,2023,87,8.786903166,87.65243525,Outbound,Agent_005,VIP
7/21/2023,2023,118,9.595577308,79.82799691,Outbound,Agent_004,VIP
7/22/2023,2023,103,5.670331108,95.24670776,Support,Agent_005,VIP
7/23/2023,2023,63,8.830898113,95.86045048,Support,Agent_005,VIP
7/24/2023,2023,69,6.473544271,74.694016,Outbound,Agent_005,VIP
7/25/2023,2023,58,4.141786078,82.49356203,Support,Agent_005,VIP
7/26/2023,2023,146,2.747747869,70.63093776,Outbound,Agent_001,Retail
7/27/2023,2023,131,4.718212946,85.06547007,Sales,Agent_003,VIP
7/28/2023,2023,119,5.705418546,99.69387849,Inbound,Agent_003,VIP
7/29/2023,2023,51,1.399990494,93.30354071,Sales,Agent_002,Retail
7/30/2023,2023,79,2.312570493,74.65639601,Inbound,Agent_002,Retail
7/31/2023,2023,55,6.401659816,63.81521408,Support,Agent_002,Retail
8/1/2023,2023,130,3.025014352,98.66727949,Outbound,Agent_003,Retail
8/2/2023,2023,90,8.535937385,75.58339115,Support,Agent_003,Retail
8/3/2023,2023,72,3.942480248,71.73523573,Support,Agent_003,Retail
8/4/2023,2023,80,1.943507865,72.65341572,Sales,Agent_002,Corporate
8/5/2023,2023,69,1.751775297,79.59693467,Inbound,Agent_001,Corporate
8/6/2023,2023,54,9.434107185,98.27005595,Outbound,Agent_005,Retail
8/7/2023,2023,70,2.062182801,99.46489285,Outbound,Agent_003,Retail
8/8/2023,2023,124,2.268187877,71.84506909,Support,Agent_003,VIP
8/9/2023,2023,117,8.763994521,74.05874831,Sales,Agent_004,VIP
8/10/2023,2023,136,3.288593172,80.4722624,Inbound,Agent_003,Retail
8/11/2023,2023,110,6.993562697,60.32749155,Outbound,Agent_005,VIP
8/12/2023,2023,143,8.350531183,66.99346253,Outbound,Agent_002,VIP
8/13/2023,2023,91,6.464625761,97.44236082,Support,Agent_004,Retail
8/14/2023,2023,90,9.617396891,61.17740948,Inbound,Agent_005,VIP
8/15/2023,2023,110,7.379946093,64.03905119,Outbound,Agent_001,Corporate
8/16/2023,2023,131,2.014763589,76.82588068,Inbound,Agent_005,Corporate
8/17/2023,2023,101,6.025690239,89.25800997,Support,Agent_003,VIP
8/18/2023,2023,90,7.463678735,70.75512922,Support,Agent_002,Corporate
8/19/2023,2023,109,8.217615163,72.23862362,Sales,Agent_005,Retail
8/20/2023,2023,144,1.236892018,72.2189192,Sales,Agent_004,Retail
8/21/2023,2023,79,7.469910237,94.90407707,Outbound,Agent_005,Retail
8/22/2023,2023,147,8.431127389,69.04390425,Inbound,Agent_004,Retail
8/23/2023,2023,144,7.721504298,82.49607304,Outbound,Agent_004,Corporate
8/24/2023,2023,87,5.611142311,99.99724588,Outbound,Agent_005,Retail
8/25/2023,2023,138,5.122188668,89.1386198,Sales,Agent_004,VIP
8/26/2023,2023,66,5.94476725,73.45402621,Inbound,Agent_002,Retail
8/27/2023,2023,149,7.341793289,90.61835881,Support,Agent_003,Corporate
8/28/2023,2023,89,9.306228616,98.1566283,Inbound,Agent_001,VIP
8/29/2023,2023,79,6.553316896,74.94151229,Inbound,Agent_005,VIP
8/30/2023,2023,115,8.990508757,88.3204496,Sales,Agent_004,VIP
8/31/2023,2023,73,7.311311627,63.03217052,Outbound,Agent_003,Corporate
9/1/2023,2023,122,1.615027397,95.81187347,Support,Agent_004,VIP
9/2/2023,2023,50,5.50745371,63.85026898,Sales,Agent_003,Retail
9/3/2023,2023,137,3.578377135,74.91700385,Sales,Agent_005,Retail
9/4/2023,2023,87,3.566574353,81.70023371,Support,Agent_004,Corporate
9/5/2023,2023,113,4.203347961,70.5431057,Outbound,Agent_001,Corporate
9/6/2023,2023,76,3.832594948,85.97077304,Outbound,Agent_001,Retail
9/7/2023,2023,139,6.207489821,82.1771491,Support,Agent_005,Retail
9/8/2023,2023,139,7.152413503,88.68740961,Outbound,Agent_004,VIP
9/9/2023,2023,56,3.418744484,74.1655746,Sales,Agent_005,Retail
9/10/2023,2023,138,2.167863603,81.84055559,Sales,Agent_003,Retail
9/11/2023,2023,129,1.529278488,92.48741601,Inbound,Agent_005,Retail
9/12/2023,2023,91,6.181775605,92.42785384,Sales,Agent_001,VIP
9/13/2023,2023,67,2.675171497,88.56959899,Inbound,Agent_002,VIP
9/14/2023,2023,130,1.083231948,81.67743558,Outbound,Agent_004,Corporate
9/15/2023,2023,93,9.349777714,86.93044403,Inbound,Agent_002,VIP
9/16/2023,2023,119,5.834263772,63.4752116,Outbound,Agent_001,Retail
9/17/2023,2023,69,1.832033622,78.85268803,Support,Agent_002,Corporate
9/18/2023,2023,72,8.586290009,94.40574001,Outbound,Agent_003,Retail
9/19/2023,2023,61,9.848824645,84.29459287,Support,Agent_002,Retail
9/20/2023,2023,61,5.037405958,97.66732423,Outbound,Agent_005,Retail
9/21/2023,2023,83,1.382406474,70.48714085,Outbound,Agent_001,Retail
9/22/2023,2023,57,2.057913467,63.85207208,Inbound,Agent_004,Corporate
9/23/2023,2023,76,4.43488372,85.06453742,Inbound,Agent_001,Corporate
9/24/2023,2023,98,8.969703737,63.63703719,Inbound,Agent_005,VIP
9/25/2023,2023,121,2.332348113,91.28541454,Sales,Agent_001,VIP
9/26/2023,2023,104,8.415910846,70.26969633,Inbound,Agent_002,Retail
9/27/2023,2023,146,1.134786342,81.55007434,Outbound,Agent_002,Corporate
9/28/2023,2023,132,5.116498289,92.45508161,Sales,Agent_003,Corporate
9/29/2023,2023,137,6.799574269,91.52141475,Sales,Agent_005,Retail
9/30/2023,2023,71,1.543415338,79.83900108,Inbound,Agent_005,Retail
10/1/2023,2023,52,6.532864756,99.03385653,Sales,Agent_004,VIP
10/2/2023,2023,58,9.499637093,79.90532628,Outbound,Agent_004,Retail
10/3/2023,2023,60,2.442339281,71.15165667,Outbound,Agent_004,Corporate
10/4/2023,2023,55,7.566502447,72.09724978,Support,Agent_005,VIP
10/5/2023,2023,88,6.481845081,89.74570896,Outbound,Agent_003,VIP
10/6/2023,2023,88,2.6660475,77.48428156,Inbound,Agent_004,Corporate
10/7/2023,2023,115,1.055830732,76.75153939,Support,Agent_002,VIP
10/8/2023,2023,109,1.083560055,60.81946381,Sales,Agent_004,VIP
10/9/2023,2023,86,5.788831683,72.21112642,Support,Agent_004,Corporate
10/10/2023,2023,55,9.485014686,94.41532319,Support,Agent_005,VIP
10/11/2023,2023,55,6.798687647,92.14017993,Outbound,Agent_001,VIP
10/12/2023,2023,88,7.428698617,89.8604344,Inbound,Agent_001,Corporate
10/13/2023,2023,85,5.444789382,60.92513547,Support,Agent_002,Retail
10/14/2023,2023,138,6.237000484,61.07961166,Outbound,Agent_004,Corporate
10/15/2023,2023,99,2.137307728,72.45859838,Outbound,Agent_002,VIP
10/16/2023,2023,129,8.891385584,78.97813089,Support,Agent_002,VIP
10/17/2023,2023,134,7.847133658,96.38965072,Inbound,Agent_004,Corporate
10/18/2023,2023,59,9.983790576,75.38519264,Sales,Agent_002,Corporate
10/19/2023,2023,54,3.679506528,71.54100011,Sales,Agent_002,Corporate
10/20/2023,2023,99,3.043159946,82.84611873,Outbound,Agent_003,Corporate
10/21/2023,2023,74,2.126454922,96.58777198,Sales,Agent_002,Corporate
10/22/2023,2023,144,9.67788781,89.54554846,Support,Agent_001,VIP
10/23/2023,2023,52,8.027966662,94.26665128,Outbound,Agent_003,Corporate
10/24/2023,2023,133,2.496921523,67.2879058,Inbound,Agent_005,Retail
10/25/2023,2023,53,5.97417824,65.02657781,Inbound,Agent_004,Corporate
10/26/2023,2023,127,4.723913873,81.76284535,Inbound,Agent_005,Retail
10/27/2023,2023,61,2.36337407,87.89483303,Inbound,Agent_004,VIP
10/28/2023,2023,63,2.458656865,98.19952193,Outbound,Agent_003,Corporate
10/29/2023,2023,131,9.671229953,74.86137634,Inbound,Agent_005,Corporate
10/30/2023,2023,76,3.744677647,73.86227409,Support,Agent_001,Retail
10/31/2023,2023,120,9.472953625,80.63417192,Inbound,Agent_002,Corporate
11/1/2023,2023,97,1.680496058,87.39751747,Inbound,Agent_004,Retail
11/2/2023,2023,148,5.147227381,82.64095108,Sales,Agent_005,Retail
11/3/2023,2023,71,2.166571437,88.92122773,Support,Agent_004,Corporate
11/4/2023,2023,70,1.043086467,75.21259748,Inbound,Agent_002,Corporate
11/5/2023,2023,92,5.983894663,94.48790521,Inbound,Agent_003,Retail
11/6/2023,2023,107,2.025046943,67.31902374,Support,Agent_003,Corporate
11/7/2023,2023,67,7.498220778,72.63618571,Inbound,Agent_001,Retail
11/8/2023,2023,139,7.283047381,90.94710655,Outbound,Agent_001,VIP
11/9/2023,2023,135,2.586996167,73.42689016,Outbound,Agent_003,Retail
11/10/2023,2023,105,9.475679289,86.72618409,Inbound,Agent_004,VIP
11/11/2023,2023,118,7.489390676,71.51190437,Outbound,Agent_004,Retail
11/12/2023,2023,148,3.681732377,67.4841737,Support,Agent_004,VIP
11/13/2023,2023,61,7.383103876,72.02930256,Outbound,Agent_004,Retail
11/14/2023,2023,148,7.587372499,95.47973188,Inbound,Agent_002,VIP
11/15/2023,2023,147,4.080036981,78.43532515,Inbound,Agent_003,Retail
11/16/2023,2023,69,4.380297062,69.01660615,Inbound,Agent_005,VIP
11/17/2023,2023,61,4.231958569,72.85754357,Inbound,Agent_003,Corporate
11/18/2023,2023,147,6.549565992,60.11083827,Support,Agent_001,VIP
11/19/2023,2023,75,9.103691319,90.23233151,Inbound,Agent_004,VIP
11/20/2023,2023,147,2.558739126,69.0270981,Support,Agent_003,VIP
11/21/2023,2023,145,8.876796489,83.91684161,Support,Agent_004,Retail
11/22/2023,2023,95,1.248878409,61.00438153,Inbound,Agent_004,Corporate
11/23/2023,2023,56,6.943047364,93.37993728,Outbound,Agent_002,Corporate
11/24/2023,2023,139,4.729949859,67.49779015,Sales,Agent_002,Retail
11/25/2023,2023,138,8.12153397,60.19073511,Outbound,Agent_004,VIP
11/26/2023,2023,88,7.490783016,72.04751233,Outbound,Agent_003,Retail
11/27/2023,2023,101,5.320970264,96.81948475,Inbound,Agent_005,VIP
11/28/2023,2023,66,6.794776331,70.50456872,Outbound,Agent_002,Corporate
11/29/2023,2023,73,5.515958176,80.13915352,Support,Agent_005,Corporate
11/30/2023,2023,140,8.303666236,76.28919377,Outbound,Agent_005,Retail
12/1/2023,2023,53,5.284755874,71.76997033,Sales,Agent_004,Retail
12/2/2023,2023,140,5.70840391,97.09414314,Support,Agent_002,Retail
12/3/2023,2023,96,3.254685278,91.55979632,Outbound,Agent_004,Retail
12/4/2023,2023,79,6.445387151,90.47653261,Sales,Agent_002,VIP
12/5/2023,2023,52,3.726143278,81.04428498,Support,Agent_001,Retail
12/6/2023,2023,55,6.195556131,92.99446695,Outbound,Agent_003,VIP
12/7/2023,2023,121,2.52710304,78.33714633,Outbound,Agent_001,Retail
12/8/2023,2023,65,2.435221831,78.60758202,Sales,Agent_003,VIP
12/9/2023,2023,128,4.753267671,79.75096254,Sales,Agent_003,VIP
12/10/2023,2023,85,4.841375636,69.47640901,Support,Agent_003,Retail
12/11/2023,2023,102,3.412983384,96.94607438,Sales,Agent_002,Retail
12/12/2023,2023,57,2.184371653,70.350027,Outbound,Agent_002,Corporate
12/13/2023,2023,101,1.352894853,67.92638,Outbound,Agent_003,Retail
12/14/2023,2023,101,1.227086446,69.75007173,Sales,Agent_001,Retail
12/15/2023,2023,79,3.44395261,92.69408466,Sales,Agent_005,VIP
12/16/2023,2023,105,5.156680979,90.74182551,Sales,Agent_003,VIP
12/17/2023,2023,61,7.536189532,77.08427234,Outbound,Agent_005,Retail
12/18/2023,2023,117,5.273845306,60.55127618,Sales,Agent_001,VIP
12/19/2023,2023,127,9.136457375,99.02940133,Sales,Agent_005,Corporate
12/20/2023,2023,105,1.316978241,65.3012391,Inbound,Agent_002,VIP
12/21/2023,2023,138,2.625945594,94.05690706,Inbound,Agent_001,VIP
12/22/2023,2023,118,4.046630435,91.26892347,Outbound,Agent_002,Corporate
12/23/2023,2023,136,6.197465693,97.52303127,Sales,Agent_005,Corporate
12/24/2023,2023,107,8.674625421,90.93594156,Outbound,Agent_004,Corporate
12/25/2023,2023,143,4.151817568,73.25486363,Inbound,Agent_001,Retail
12/26/2023,2023,61,3.411898143,69.27656174,Sales,Agent_004,VIP
12/27/2023,2023,128,1.55700252,75.10763282,Support,Agent_003,Corporate
12/28/2023,2023,132,8.391731299,68.12348682,Outbound,Agent_004,Retail
12/29/2023,2023,139,4.416997989,88.78298991,Outbound,Agent_002,Corporate
12/30/2023,2023,53,6.143951759,93.0607453,Sales,Agent_002,Corporate
12/31/2023,2023,87,9.851998764,85.8575557,Support,Agent_005,Corporate
1/1/2024,2024,57,1.014351135,67.44370925,Support,Agent_005,Corporate
1/2/2024,2024,79,2.309051266,61.49538844,Support,Agent_003,Retail
1/3/2024,2024,128,8.011998946,83.21605067,Sales,Agent_002,Retail
1/4/2024,2024,61,8.246147367,78.5069242,Sales,Agent_001,Corporate
1/5/2024,2024,123,7.923224071,67.98815713,Sales,Agent_003,Corporate
1/6/2024,2024,61,5.832990019,74.72335609,Sales,Agent_004,Corporate
1/7/2024,2024,66,9.809712829,81.65865022,Outbound,Agent_001,VIP
1/8/2024,2024,110,4.56566104,85.31668449,Support,Agent_003,Corporate
1/9/2024,2024,113,6.417493283,79.0657511,Support,Agent_004,Corporate
1/10/2024,2024,109,1.570321041,98.85571287,Inbound,Agent_001,VIP
1/11/2024,2024,51,4.688717049,61.84905602,Support,Agent_005,VIP
1/12/2024,2024,68,7.502500788,86.32831652,Outbound,Agent_002,Corporate
1/13/2024,2024,103,3.148649567,96.38231607,Outbound,Agent_004,VIP
1/14/2024,2024,78,9.494448302,69.46256844,Inbound,Agent_002,VIP
1/15/2024,2024,114,7.181050309,68.54828752,Sales,Agent_004,VIP
1/16/2024,2024,135,3.588178446,90.4893123,Outbound,Agent_002,Retail
1/17/2024,2024,138,7.920990304,79.45495176,Outbound,Agent_004,VIP
1/18/2024,2024,123,1.748482946,99.68710027,Inbound,Agent_002,Retail
1/19/2024,2024,58,9.772969803,83.56494482,Support,Agent_005,Retail
1/20/2024,2024,132,1.443567332,96.93767734,Support,Agent_002,Retail
1/21/2024,2024,61,9.40110302,60.48842079,Outbound,Agent_004,Retail
1/22/2024,2024,142,3.2756849,66.18158482,Sales,Agent_002,Retail
1/23/2024,2024,101,7.820416969,87.37676179,Inbound,Agent_002,VIP
1/24/2024,2024,131,1.000663295,76.6586548,Support,Agent_003,VIP
1/25/2024,2024,105,3.288160803,93.43858278,Outbound,Agent_004,VIP
1/26/2024,2024,65,7.74190546,77.1559237,Support,Agent_002,VIP
1/27/2024,2024,53,5.791024638,88.51986785,Outbound,Agent_004,VIP
1/28/2024,2024,138,2.034569347,82.64640068,Support,Agent_003,VIP
1/29/2024,2024,135,4.542667713,64.79614269,Support,Agent_004,Retail
1/30/2024,2024,78,4.379944196,88.71804827,Outbound,Agent_004,VIP
1/31/2024,2024,108,6.113460198,88.25487205,Support,Agent_004,VIP
2/1/2024,2024,135,7.011793652,64.62872605,Outbound,Agent_001,Corporate
2/2/2024,2024,128,8.567472182,82.47645831,Inbound,Agent_002,Retail
2/3/2024,2024,115,5.475082573,73.4260007,Support,Agent_001,Corporate
2/4/2024,2024,126,4.528195456,78.35399128,Sales,Agent_002,Corporate
2/5/2024,2024,61,2.295788807,76.91034772,Inbound,Agent_002,Retail
2/6/2024,2024,75,8.243406685,64.19097617,Sales,Agent_003,Retail
2/7/2024,2024,61,7.420333649,66.32091945,Outbound,Agent_001,Retail
2/8/2024,2024,140,4.678096577,63.47234465,Sales,Agent_001,Retail
2/9/2024,2024,84,5.665890789,67.69788054,Support,Agent_005,Corporate
2/10/2024,2024,51,6.9866456,94.09777546,Sales,Agent_003,Corporate
2/11/2024,2024,66,2.483250309,60.98090597,Sales,Agent_002,Retail
2/12/2024,2024,51,1.24478015,77.26469001,Support,Agent_002,Corporate
2/13/2024,2024,66,3.857533293,92.03745555,Support,Agent_005,VIP
2/14/2024,2024,83,6.360265177,64.01032818,Inbound,Agent_002,Retail
2/15/2024,2024,83,5.379454822,69.10854361,Support,Agent_001,VIP
2/16/2024,2024,94,7.232991642,89.0975883,Support,Agent_005,VIP
2/17/2024,2024,90,8.37720825,85.9020973,Outbound,Agent_005,VIP
2/18/2024,2024,122,5.395982201,82.52095347,Support,Agent_002,VIP
2/19/2024,2024,127,2.208403213,66.86563267,Support,Agent_002,VIP
2/20/2024,2024,133,8.655651998,91.78124048,Inbound,Agent_005,Retail
2/21/2024,2024,82,6.174912945,65.65656448,Sales,Agent_001,VIP
2/22/2024,2024,73,7.659437327,65.39191579,Sales,Agent_002,Retail
2/23/2024,2024,118,7.341981882,91.80140177,Inbound,Agent_002,Corporate
2/24/2024,2024,81,9.713905942,74.76893312,Sales,Agent_005,Corporate
2/25/2024,2024,72,3.657765901,72.50468464,Support,Agent_003,VIP
2/26/2024,2024,114,7.347760955,71.14688205,Sales,Agent_001,Corporate
2/27/2024,2024,81,4.291086998,72.99888425,Sales,Agent_002,Retail
2/28/2024,2024,129,4.558696488,73.62350399,Inbound,Agent_002,Retail
2/29/2024,2024,133,3.07535173,87.85470774,Sales,Agent_003,VIP
3/1/2024,2024,65,4.096091581,69.61048805,Sales,Agent_002,Corporate
3/2/2024,2024,101,9.534670765,73.01305814,Sales,Agent_004,VIP
3/3/2024,2024,62,3.633137623,91.04846034,Support,Agent_005,Corporate
3/4/2024,2024,95,3.213915454,96.52602293,Support,Agent_002,VIP
3/5/2024,2024,60,6.248241806,84.51343881,Support,Agent_004,Corporate
3/6/2024,2024,130,3.322323611,64.20472918,Sales,Agent_002,Retail
3/7/2024,2024,120,5.26047153,81.66338643,Sales,Agent_005,VIP
3/8/2024,2024,71,8.507586309,85.11115497,Sales,Agent_004,VIP
3/9/2024,2024,144,3.073602829,72.56210788,Sales,Agent_004,Corporate
3/10/2024,2024,117,4.84022271,93.12001492,Support,Agent_005,VIP
3/11/2024,2024,130,6.494407615,91.28315243,Support,Agent_003,Corporate
3/12/2024,2024,114,5.910660321,83.01226827,Sales,Agent_003,VIP
3/13/2024,2024,51,9.772509137,65.80062358,Inbound,Agent_005,VIP
3/14/2024,2024,100,7.12333229,87.89525863,Outbound,Agent_002,VIP
3/15/2024,2024,146,7.659516178,95.81394655,Support,Agent_001,Corporate
3/16/2024,2024,132,9.702603532,70.00404439,Support,Agent_002,Retail
3/17/2024,2024,132,4.729942227,98.34743583,Support,Agent_004,Corporate
3/18/2024,2024,107,4.198418336,90.85209588,Support,Agent_001,Retail
3/19/2024,2024,72,1.394761868,72.01286299,Sales,Agent_004,VIP
3/20/2024,2024,65,2.657838759,84.67284496,Inbound,Agent_004,Corporate
3/21/2024,2024,65,3.134706688,72.31391728,Support,Agent_005,Corporate
3/22/2024,2024,78,2.651540204,63.97871504,Outbound,Agent_003,Corporate
3/23/2024,2024,121,7.793055039,92.96594678,Sales,Agent_003,Retail
3/24/2024,2024,77,5.822946831,86.63228138,Sales,Agent_003,Retail
3/25/2024,2024,138,7.008704213,84.56002605,Outbound,Agent_003,VIP
3/26/2024,2024,107,8.384159448,65.68691523,Support,Agent_001,VIP
3/27/2024,2024,108,3.076965472,75.09508453,Support,Agent_003,Corporate
3/28/2024,2024,138,3.933315458,95.0654432,Support,Agent_005,Retail
3/29/2024,2024,126,7.375242403,66.53217843,Outbound,Agent_002,Corporate
3/30/2024,2024,63,4.534830513,61.91611548,Inbound,Agent_004,VIP
3/31/2024,2024,68,1.263438461,67.64605908,Inbound,Agent_002,Corporate
4/1/2024,2024,128,4.914596971,70.00720029,Inbound,Agent_001,Corporate
4/2/2024,2024,128,9.174457778,91.34570095,Outbound,Agent_005,Retail
4/3/2024,2024,70,4.681193604,85.92565885,Outbound,Agent_004,Retail
4/4/2024,2024,121,3.990240248,60.69370987,Inbound,Agent_001,Retail
4/5/2024,2024,105,9.905725747,60.69158611,Support,Agent_005,Retail
4/6/2024,2024,94,6.799740078,82.67585715,Support,Agent_004,Corporate
4/7/2024,2024,141,4.293982238,85.3316977,Inbound,Agent_003,VIP
4/8/2024,2024,94,1.918175782,65.01687524,Inbound,Agent_004,Corporate
4/9/2024,2024,65,8.090645005,84.41848608,Outbound,Agent_001,VIP
4/10/2024,2024,137,7.372674401,69.61407642,Outbound,Agent_001,Retail
4/11/2024,2024,125,9.297242193,73.4688537,Sales,Agent_004,Retail
4/12/2024,2024,127,2.95548067,76.35326322,Outbound,Agent_005,Retail
4/13/2024,2024,79,2.03431915,64.64779185,Sales,Agent_005,VIP
4/14/2024,2024,145,7.516652738,98.52374422,Inbound,Agent_003,Corporate
4/15/2024,2024,132,2.830562578,98.95057815,Inbound,Agent_001,Corporate
4/16/2024,2024,54,2.58493454,77.80006756,Support,Agent_003,Retail
4/17/2024,2024,78,3.878266019,70.29865912,Sales,Agent_003,Retail
4/18/2024,2024,115,8.351426273,98.34377786,Outbound,Agent_005,Corporate
4/19/2024,2024,99,5.855829446,92.72229586,Support,Agent_003,VIP
4/20/2024,2024,99,1.412653196,88.96914422,Support,Agent_002,VIP
4/21/2024,2024,137,5.175052072,78.47247149,Sales,Agent_003,VIP
4/22/2024,2024,107,7.155816502,76.42314806,Support,Agent_003,VIP
4/23/2024,2024,130,5.845315946,91.17397089,Sales,Agent_001,Corporate
4/24/2024,2024,91,6.152051963,80.78454711,Sales,Agent_004,Retail
4/25/2024,2024,140,3.022995956,86.42328555,Outbound,Agent_003,VIP
4/26/2024,2024,116,8.629653984,82.64771926,Inbound,Agent_003,Retail
4/27/2024,2024,97,6.052588458,88.48741629,Outbound,Agent_004,Retail
4/28/2024,2024,67,7.419214117,63.76420016,Sales,Agent_001,Retail
4/29/2024,2024,70,9.836777953,75.10484371,Sales,Agent_001,VIP
4/30/2024,2024,88,4.853787919,66.68356754,Outbound,Agent_002,Corporate
5/1/2024,2024,114,8.929599514,69.681756,Outbound,Agent_005,Corporate
5/2/2024,2024,56,1.065529125,68.03297106,Support,Agent_001,VIP
5/3/2024,2024,72,1.300665634,80.13289197,Support,Agent_001,Retail
5/4/2024,2024,129,6.312519296,60.75971954,Support,Agent_002,Retail
5/5/2024,2024,124,3.80304456,98.55870408,Inbound,Agent_004,Corporate
5/6/2024,2024,84,3.234489103,80.75855306,Inbound,Agent_001,VIP
5/7/2024,2024,90,3.501418215,62.10286057,Inbound,Agent_001,Retail
5/8/2024,2024,88,3.865626411,87.28215361,Inbound,Agent_003,Retail
5/9/2024,2024,71,7.560529265,70.755522,Outbound,Agent_005,Corporate
5/10/2024,2024,84,6.12276375,64.2707037,Sales,Agent_004,VIP
5/11/2024,2024,82,8.101323753,93.21214744,Support,Agent_003,Retail
5/12/2024,2024,92,8.471769219,67.91630412,Support,Agent_005,VIP
5/13/2024,2024,94,8.586413734,64.19017075,Sales,Agent_004,Corporate
5/14/2024,2024,149,4.731797343,62.2762581,Outbound,Agent_005,Corporate
5/15/2024,2024,91,4.791460567,89.14230974,Sales,Agent_004,VIP
5/16/2024,2024,77,9.336392921,86.21084989,Outbound,Agent_001,VIP
5/17/2024,2024,98,6.955872351,60.32796562,Sales,Agent_004,Corporate
5/18/2024,2024,60,1.724204656,68.85922162,Sales,Agent_002,Corporate
5/19/2024,2024,118,5.879682587,88.18728124,Support,Agent_003,Corporate
5/20/2024,2024,67,4.204065337,66.08563419,Sales,Agent_002,Corporate
5/21/2024,2024,53,9.886914907,83.07003133,Support,Agent_005,Corporate
5/22/2024,2024,144,1.122898658,68.52625867,Inbound,Agent_005,Retail
5/23/2024,2024,137,6.509627858,77.96937139,Inbound,Agent_002,Retail
5/24/2024,2024,79,7.51260785,94.69692247,Outbound,Agent_004,Retail
5/25/2024,2024,80,3.600160942,72.10385709,Support,Agent_003,VIP
5/26/2024,2024,125,9.762773664,87.4388956,Sales,Agent_001,Corporate
5/27/2024,2024,116,8.735829643,77.53124931,Support,Agent_003,VIP
5/28/2024,2024,143,9.240875569,63.84621017,Inbound,Agent_003,Retail
5/29/2024,2024,110,1.173088534,74.42539975,Inbound,Agent_004,VIP
5/30/2024,2024,57,6.128849362,93.65120265,Support,Agent_005,VIP
5/31/2024,2024,101,3.651852178,98.92184969,Outbound,Agent_004,Corporate
6/1/2024,2024,123,8.641257714,93.80326682,Sales,Agent_004,Corporate
6/2/2024,2024,137,6.695646912,66.48913563,Inbound,Agent_001,Retail
6/3/2024,2024,114,5.849893039,73.82037194,Support,Agent_005,Corporate
6/4/2024,2024,67,2.031293527,93.24752634,Outbound,Agent_005,VIP
6/5/2024,2024,90,5.862005243,82.15583738,Support,Agent_001,Retail
6/6/2024,2024,71,6.687137317,91.04743188,Sales,Agent_003,VIP
6/7/2024,2024,144,9.603210784,91.11133066,Sales,Agent_005,Corporate
6/8/2024,2024,76,6.265459094,62.84351603,Sales,Agent_002,Corporate
6/9/2024,2024,65,9.706605416,73.69626262,Support,Agent_002,VIP
6/10/2024,2024,67,9.65445504,79.16086022,Support,Agent_002,Corporate
6/11/2024,2024,60,6.851803023,97.80898886,Sales,Agent_003,Retail
6/12/2024,2024,67,5.553171857,95.92915204,Outbound,Agent_002,Corporate
6/13/2024,2024,53,5.194195694,76.92127932,Outbound,Agent_001,Retail
6/14/2024,2024,123,9.01340705,63.8266371,Sales,Agent_005,VIP
6/15/2024,2024,79,1.254310147,76.18169148,Support,Agent_001,Retail
6/16/2024,2024,117,2.024273782,81.43613331,Support,Agent_005,Retail
6/17/2024,2024,121,1.918645562,96.17588766,Outbound,Agent_001,Retail
6/18/2024,2024,130,7.812417926,71.79517069,Sales,Agent_001,Retail
6/19/2024,2024,148,4.056859215,72.35456583,Support,Agent_004,Corporate
6/20/2024,2024,54,6.741716903,85.08732938,Support,Agent_003,Corporate
6/21/2024,2024,111,6.434046135,80.2076622,Outbound,Agent_001,Retail
6/22/2024,2024,140,4.472451728,67.83475836,Inbound,Agent_003,Retail
6/23/2024,2024,56,5.7841095,65.78908995,Sales,Agent_003,VIP
6/24/2024,2024,82,6.806246802,79.57988839,Outbound,Agent_004,Corporate
6/25/2024,2024,131,9.468552969,91.17563826,Inbound,Agent_001,Corporate
6/26/2024,2024,87,6.180706656,91.15325006,Inbound,Agent_001,Corporate
6/27/2024,2024,77,6.529307606,99.03214749,Outbound,Agent_002,VIP
6/28/2024,2024,101,1.610702359,75.30872793,Inbound,Agent_003,Corporate
6/29/2024,2024,128,9.569942333,75.67957307,Sales,Agent_004,VIP
6/30/2024,2024,109,5.752737351,60.07277979,Support,Agent_003,Retail
7/1/2024,2024,136,8.211460779,93.19669461,Outbound,Agent_001,Retail
7/2/2024,2024,145,1.452619568,85.86513776,Sales,Agent_002,VIP
7/3/2024,2024,58,4.788191222,90.79688475,Inbound,Agent_001,Retail
7/4/2024,2024,106,3.312779132,78.824928,Inbound,Agent_005,Corporate
7/5/2024,2024,79,3.402783088,96.80773955,Outbound,Agent_002,Retail
7/6/2024,2024,78,8.12308357,61.16455191,Outbound,Agent_004,Retail
7/7/2024,2024,145,6.614800527,64.61124731,Support,Agent_004,Corporate
7/8/2024,2024,84,4.957707807,75.0406934,Inbound,Agent_003,Retail
7/9/2024,2024,108,1.095271656,63.40423632,Outbound,Agent_003,VIP
7/10/2024,2024,131,9.684351487,63.51551528,Inbound,Agent_002,Corporate
7/11/2024,2024,142,9.65820928,82.67490717,Inbound,Agent_001,Retail
7/12/2024,2024,66,2.957969893,68.64488078,Inbound,Agent_002,Corporate
7/13/2024,2024,122,1.372117351,85.06140842,Outbound,Agent_005,Corporate
7/14/2024,2024,109,5.771794267,97.17599289,Sales,Agent_002,VIP
7/15/2024,2024,57,9.562697332,92.95528839,Support,Agent_002,VIP
7/16/2024,2024,62,9.193562612,69.9372155,Sales,Agent_005,Retail
7/17/2024,2024,82,6.261965775,63.58651704,Inbound,Agent_001,Corporate
7/18/2024,2024,134,3.731939656,98.00769873,Outbound,Agent_005,Retail
7/19/2024,2024,125,3.969647954,99.77983725,Inbound,Agent_002,Corporate
7/20/2024,2024,143,9.081221963,74.97979598,Support,Agent_003,VIP
7/21/2024,2024,90,5.426056321,78.42709045,Inbound,Agent_004,Retail
7/22/2024,2024,50,2.180046061,65.81334645,Support,Agent_001,Retail
7/23/2024,2024,134,3.235829284,88.40723171,Outbound,Agent_001,Corporate
7/24/2024,2024,142,3.491154113,76.87334427,Outbound,Agent_005,VIP
7/25/2024,2024,127,2.111920164,92.12060581,Sales,Agent_003,VIP
7/26/2024,2024,87,5.167399434,83.09186846,Outbound,Agent_002,VIP
7/27/2024,2024,97,9.244458174,61.71135237,Inbound,Agent_003,VIP
7/28/2024,2024,111,7.019042887,73.39818162,Support,Agent_005,VIP
7/29/2024,2024,100,1.652265318,92.34384683,Inbound,Agent_001,Corporate
7/30/2024,2024,118,1.04945336,87.52455526,Support,Agent_002,Corporate
7/31/2024,2024,126,3.486229007,85.3012779,Outbound,Agent_005,VIP
8/1/2024,2024,107,4.264236413,86.90018569,Sales,Agent_004,Retail
8/2/2024,2024,54,7.990747021,84.20147502,Inbound,Agent_004,VIP
8/3/2024,2024,86,9.703049715,85.64497306,Outbound,Agent_004,Corporate
8/4/2024,2024,130,4.488104561,84.81684419,Sales,Agent_001,Retail
8/5/2024,2024,132,7.180210268,81.33711758,Sales,Agent_001,Corporate
8/6/2024,2024,87,9.954117166,90.30988502,Outbound,Agent_003,VIP
8/7/2024,2024,144,7.710999255,74.77970254,Support,Agent_003,Corporate
8/8/2024,2024,85,6.725705942,79.00953355,Support,Agent_004,VIP
8/9/2024,2024,98,1.702673688,76.05798228,Support,Agent_005,VIP
8/10/2024,2024,50,3.908936811,68.36841964,Inbound,Agent_004,Corporate
8/11/2024,2024,99,9.220529426,72.8755585,Outbound,Agent_002,Corporate
8/12/2024,2024,107,2.809049335,62.2006031,Inbound,Agent_002,VIP
8/13/2024,2024,59,8.592313233,73.02110536,Support,Agent_004,VIP
8/14/2024,2024,100,7.266913166,75.62332372,Support,Agent_005,VIP
8/15/2024,2024,147,4.296919337,63.73536391,Support,Agent_003,Corporate
8/16/2024,2024,98,5.762568427,68.81820519,Outbound,Agent_004,VIP
8/17/2024,2024,62,5.885258219,69.9816699,Outbound,Agent_005,Retail
8/18/2024,2024,120,7.426484066,69.09880833,Sales,Agent_005,Retail
8/19/2024,2024,86,5.64900347,74.00886806,Sales,Agent_002,Corporate
8/20/2024,2024,149,2.197683912,65.7950442,Sales,Agent_003,VIP
8/21/2024,2024,86,7.961092044,89.26005427,Support,Agent_005,Corporate
8/22/2024,2024,80,4.656452472,73.70619421,Sales,Agent_004,Retail
8/23/2024,2024,69,9.667845012,64.89460936,Outbound,Agent_005,Retail
8/24/2024,2024,88,3.551624041,83.74399125,Outbound,Agent_004,Retail
8/25/2024,2024,94,3.367709023,67.185927,Sales,Agent_005,Corporate
8/26/2024,2024,85,4.001566561,62.32225283,Inbound,Agent_002,Corporate
8/27/2024,2024,64,6.150853144,66.53168568,Inbound,Agent_003,Corporate
8/28/2024,2024,79,9.053827662,76.79979248,Sales,Agent_005,Corporate
8/29/2024,2024,101,2.586534761,87.74035888,Support,Agent_005,VIP
8/30/2024,2024,110,3.517109178,85.66003539,Support,Agent_002,VIP
8/31/2024,2024,131,6.235118588,60.20823917,Sales,Agent_005,Retail
9/1/2024,2024,117,5.089008179,91.7316261,Outbound,Agent_001,Retail
9/2/2024,2024,79,5.025905985,73.42751114,Inbound,Agent_001,VIP
9/3/2024,2024,77,8.386608359,87.18862764,Inbound,Agent_004,Retail
9/4/2024,2024,53,9.314904723,61.30692687,Support,Agent_005,VIP
9/5/2024,2024,83,5.331762695,75.75152973,Sales,Agent_004,Corporate
9/6/2024,2024,101,7.186166159,60.78442005,Sales,Agent_005,VIP
9/7/2024,2024,77,8.209528399,92.65382141,Inbound,Agent_002,Corporate
9/8/2024,2024,106,5.665297693,67.47868722,Outbound,Agent_003,Retail
9/9/2024,2024,71,3.648847681,86.9819163,Inbound,Agent_003,VIP
9/10/2024,2024,89,6.74276138,71.08264651,Sales,Agent_004,Corporate
9/11/2024,2024,124,6.265981903,65.41404457,Sales,Agent_001,Retail
9/12/2024,2024,79,9.114065378,97.21181356,Inbound,Agent_005,Corporate
9/13/2024,2024,79,1.471663331,83.80098463,Support,Agent_003,Retail
9/14/2024,2024,111,9.191182484,95.62524189,Inbound,Agent_004,VIP
9/15/2024,2024,108,5.809888253,72.26397607,Support,Agent_005,Corporate
9/16/2024,2024,74,1.141085044,93.19341335,Support,Agent_002,Retail
9/17/2024,2024,66,4.102319609,97.66729334,Inbound,Agent_004,Retail
9/18/2024,2024,114,7.519002075,75.80735307,Support,Agent_001,Retail
9/19/2024,2024,148,5.395897791,96.16524205,Outbound,Agent_005,VIP
9/20/2024,2024,63,9.821431337,73.40342971,Sales,Agent_005,VIP
9/21/2024,2024,51,4.803490664,72.98399997,Sales,Agent_003,Retail
9/22/2024,2024,52,3.939717067,99.82930689,Support,Agent_003,VIP
9/23/2024,2024,116,8.39504741,98.09641793,Support,Agent_004,Corporate
9/24/2024,2024,69,5.931160294,69.14473384,Inbound,Agent_001,Retail
9/25/2024,2024,126,7.140939212,93.48808108,Sales,Agent_003,Retail
9/26/2024,2024,80,8.251321042,73.69831511,Sales,Agent_005,VIP
9/27/2024,2024,89,7.042847915,99.16973496,Inbound,Agent_004,Corporate
9/28/2024,2024,135,4.801667453,93.99270515,Support,Agent_004,VIP
9/29/2024,2024,127,2.123168031,96.19677205,Support,Agent_001,Retail
9/30/2024,2024,99,6.222233499,82.94694046,Support,Agent_003,Corporate
10/1/2024,2024,76,9.076899941,71.76605409,Sales,Agent_003,Corporate
10/2/2024,2024,62,4.770031839,67.90100026,Outbound,Agent_001,Corporate
10/3/2024,2024,114,9.196527114,81.11487682,Inbound,Agent_005,VIP
10/4/2024,2024,51,5.531750378,86.86062901,Sales,Agent_004,VIP
10/5/2024,2024,86,6.587574062,89.6715454,Outbound,Agent_001,Retail
10/6/2024,2024,60,8.496896285,66.8153285,Inbound,Agent_002,Corporate
10/7/2024,2024,82,6.081373987,81.4355197,Sales,Agent_001,VIP
10/8/2024,2024,78,1.818724054,77.4443928,Inbound,Agent_004,Retail
10/9/2024,2024,108,9.828814607,68.32896844,Outbound,Agent_005,Retail
10/10/2024,2024,116,3.212643717,82.11849269,Outbound,Agent_002,Retail
10/11/2024,2024,142,7.394547958,71.03654887,Inbound,Agent_002,Retail
10/12/2024,2024,115,5.546020948,81.40218228,Inbound,Agent_002,Corporate
10/13/2024,2024,127,5.308953731,68.0043738,Sales,Agent_004,Retail
10/14/2024,2024,133,3.19546737,95.99770148,Sales,Agent_001,VIP
10/15/2024,2024,97,7.499356891,73.524113,Outbound,Agent_003,Corporate
10/16/2024,2024,131,2.015094383,84.41338411,Sales,Agent_004,Corporate
10/17/2024,2024,86,9.914079784,64.8773195,Outbound,Agent_004,Corporate
10/18/2024,2024,121,8.608361834,85.2006877,Inbound,Agent_004,Corporate
10/19/2024,2024,103,5.81058046,70.88161357,Outbound,Agent_003,Retail
10/20/2024,2024,120,4.820976605,98.26126361,Support,Agent_004,Retail
10/21/2024,2024,59,3.578181692,75.76617064,Inbound,Agent_003,Corporate
10/22/2024,2024,65,5.514323238,84.29626227,Sales,Agent_002,Retail
10/23/2024,2024,68,8.914757158,68.63253463,Outbound,Agent_001,Corporate
10/24/2024,2024,79,3.475057606,94.45904812,Support,Agent_004,Corporate
10/25/2024,2024,103,5.504837129,92.17331672,Inbound,Agent_003,Retail
10/26/2024,2024,110,3.110949119,69.82541249,Sales,Agent_002,Retail
10/27/2024,2024,92,4.034342023,96.44194032,Inbound,Agent_005,VIP
10/28/2024,2024,132,2.71234458,61.60620088,Outbound,Agent_001,Retail
10/29/2024,2024,52,9.914852745,90.10292482,Support,Agent_005,VIP
10/30/2024,2024,79,6.143477018,78.31475141,Outbound,Agent_001,VIP
10/31/2024,2024,67,7.595336116,93.41837578,Outbound,Agent_004,Corporate
11/1/2024,2024,85,1.884249221,78.6194387,Support,Agent_003,Retail
11/2/2024,2024,69,4.295057951,62.62328383,Outbound,Agent_001,VIP
11/3/2024,2024,66,9.033758227,69.06182129,Sales,Agent_004,Retail
11/4/2024,2024,73,1.759944938,99.77499339,Inbound,Agent_002,VIP
11/5/2024,2024,62,2.489349055,73.36710411,Sales,Agent_004,VIP
11/6/2024,2024,149,6.628758493,66.41220868,Support,Agent_005,VIP
11/7/2024,2024,106,6.605100947,92.23323303,Sales,Agent_001,Retail
11/8/2024,2024,116,8.5440434,61.8027931,Outbound,Agent_003,Corporate
11/9/2024,2024,70,9.419434875,62.65635006,Outbound,Agent_005,VIP
11/10/2024,2024,53,2.277878279,71.90075118,Outbound,Agent_002,VIP
11/11/2024,2024,131,3.334364367,61.89603899,Sales,Agent_004,Retail
11/12/2024,2024,94,4.847152651,99.82850736,Inbound,Agent_001,Retail
11/13/2024,2024,88,1.00812957,87.64515544,Sales,Agent_002,Corporate
11/14/2024,2024,92,1.628328727,80.78345763,Inbound,Agent_003,Corporate
11/15/2024,2024,124,3.038421501,92.2066556,Support,Agent_005,VIP
11/16/2024,2024,87,5.329917676,86.49947202,Support,Agent_001,VIP
11/17/2024,2024,90,3.263704644,66.93059815,Inbound,Agent_002,VIP
11/18/2024,2024,77,8.89013703,68.78535199,Support,Agent_003,Retail
11/19/2024,2024,54,3.91845588,94.70777143,Sales,Agent_004,Retail
11/20/2024,2024,101,9.321605309,73.47845307,Sales,Agent_003,VIP
11/21/2024,2024,72,9.773085347,77.9056137,Inbound,Agent_005,Retail
11/22/2024,2024,87,5.048753805,75.64542848,Inbound,Agent_002,VIP
11/23/2024,2024,85,3.044159352,62.08119248,Sales,Agent_003,VIP
11/24/2024,2024,80,3.624995201,88.18294869,Sales,Agent_001,VIP
11/25/2024,2024,57,7.987003135,81.60296323,Outbound,Agent_005,Corporate
11/26/2024,2024,138,3.46014737,87.04560327,Support,Agent_001,Corporate
11/27/2024,2024,138,4.425245811,71.12925559,Outbound,Agent_003,VIP
11/28/2024,2024,65,5.307182726,76.27655633,Inbound,Agent_003,Corporate
11/29/2024,2024,60,6.176000048,67.70599049,Support,Agent_005,Corporate
11/30/2024,2024,69,9.964903963,76.78730526,Outbound,Agent_005,Retail
12/1/2024,2024,127,3.089887796,86.13965647,Sales,Agent_004,VIP
12/2/2024,2024,106,4.180813329,97.78756173,Inbound,Agent_003,Corporate
12/3/2024,2024,68,3.366020593,86.538288,Sales,Agent_003,Retail
12/4/2024,2024,121,4.25002093,81.0063892,Inbound,Agent_001,VIP
12/5/2024,2024,110,1.907240652,76.6546889,Sales,Agent_004,Retail
12/6/2024,2024,74,4.238287905,64.22198737,Sales,Agent_001,VIP
12/7/2024,2024,82,8.990785283,79.08297188,Sales,Agent_003,VIP
12/8/2024,2024,89,3.687308631,66.20432373,Outbound,Agent_001,Corporate
12/9/2024,2024,66,4.347413019,83.28748732,Sales,Agent_002,VIP
12/10/2024,2024,102,9.50026748,89.2098831,Outbound,Agent_005,Corporate
12/11/2024,2024,140,7.555410967,97.85982447,Outbound,Agent_001,Corporate
12/12/2024,2024,130,5.650648433,71.87411471,Support,Agent_001,Retail
12/13/2024,2024,96,7.994734556,75.87622155,Sales,Agent_003,Retail
12/14/2024,2024,146,2.10861684,67.31807758,Support,Agent_004,VIP
12/15/2024,2024,144,5.180413179,95.1176204,Outbound,Agent_001,Retail
12/16/2024,2024,134,2.064125159,92.96308898,Outbound,Agent_002,VIP
12/17/2024,2024,73,3.102563305,90.99839579,Inbound,Agent_003,Retail
12/18/2024,2024,65,2.276805338,62.29160154,Support,Agent_004,VIP
12/19/2024,2024,94,4.256211153,82.26877768,Outbound,Agent_001,Retail
12/20/2024,2024,133,4.434753884,69.40054248,Support,Agent_005,VIP
12/21/2024,2024,105,9.525777236,64.78740787,Support,Agent_005,Retail
12/22/2024,2024,148,3.377131581,91.26452401,Support,Agent_005,VIP
12/23/2024,2024,77,5.251859608,68.463255,Inbound,Agent_003,VIP
12/24/2024,2024,95,8.302414636,80.03246793,Sales,Agent_005,Retail
12/25/2024,2024,148,8.340558278,81.04385394,Outbound,Agent_004,VIP
12/26/2024,2024,131,7.753088683,68.53128016,Outbound,Agent_003,Retail
12/27/2024,2024,137,3.590503859,79.69044665,Sales,Agent_002,Retail
12/28/2024,2024,77,5.454744575,62.1127959,Outbound,Agent_002,Retail
12/29/2024,2024,127,2.675904357,60.00289799,Inbound,Agent_005,Corporate
12/30/2024,2024,98,2.695595705,95.21287727,Inbound,Agent_003,Retail
12/31/2024,2024,137,4.922570918,76.62354808,Sales,Agent_005,Corporate
